B4DS77	1	23	cleaved
Q96PX8	1	17	cleaved
Q9BQ16	1	21	cleaved
Q9BXS4	1	35	cleaved
Q8NDY8	1	32	cleaved
A0A0B4J272	1	22	cleaved
A0A0B4J263	1	18	cleaved
A0A0K0K1D8	1	21	cleaved
Q9UBV4	1	29	cleaved
Q9UKI3	1	20	cleaved
A6NCI4	1	24	cleaved
Q6ZRP7	1	21	cleaved
P36897	1	33	cleaved
Q5JRA6	1	22	cleaved
H3BTG2	1	38	cleaved
Q92544	1	23	cleaved
O75509	1	41	cleaved
P28908	1	18	cleaved
O14798	1	25	cleaved
Q06418	1	40	cleaved
Q9GZX9	1	25	cleaved
A0A0B4J240	1	21	cleaved
A0A1B0GX95	1	21	cleaved
P55089	1	25	cleaved
A0A1B0GX68	1	19	cleaved
Q96NZ8	1	19	cleaved
P08842	1	21	cleaved
Q9NS93	1	21	cleaved
P0DTU3	1	21	cleaved
P19438	1	29	cleaved
Q93038	1	24	cleaved
Q6UXZ0	1	29	cleaved
Q9BY64	1	24	cleaved
Q9UBD3	1	21	cleaved
P04844	1	22	cleaved
Q9P1W8	1	28	cleaved
Q08ET2	1	16	cleaved
Q9BY14	1	25	cleaved
Q7Z5A7	1	43	cleaved
Q86V40	1	19	cleaved
A0A0B4J279	1	19	cleaved
Q93098	1	22	cleaved
Q8TAA1	1	16	cleaved
P04278	1	29	cleaved
Q9C0C4	1	20	cleaved
P51688	1	20	cleaved
Q7Z2R9	1	18	cleaved
Q4LDE5	1	17	cleaved
A6NFC5	1	28	cleaved
P0DPE3	1	27	cleaved
O60603	1	20	cleaved
Q08629	1	21	cleaved
Q9H3N1	1	26	cleaved
P01374	1	34	cleaved
Q6UXN2	1	25	cleaved
P07602	1	16	cleaved
P22105	1	23	cleaved
P10646	1	28	cleaved
A2RRL7	1	27	cleaved
Q8NCS4	1	22	cleaved
P35625	1	23	cleaved
Q9BX59	1	18	cleaved
P35442	1	18	cleaved
Q7RTX1	1	20	cleaved
A0A0B4J264	1	21	cleaved
B0FP48	1	33	cleaved
A0A577	1	21	cleaved
Q9H7M9	1	32	cleaved
A0A087WT03	1	19	cleaved
Q9NX61	1	28	cleaved
P20061	1	23	cleaved
Q9Y6M0	1	19	cleaved
P24821	1	22	cleaved
Q9BX73	1	35	cleaved
P00734	1	24	cleaved
Q9H1E5	1	23	cleaved
P02788	1	19	cleaved
A2RUT3	1	24	cleaved
A0A0A6YYK6	1	20	cleaved
A0A0B4J276	1	19	cleaved
P32241	1	30	cleaved
O96014	1	24	cleaved
P18433	1	19	cleaved
Q96PQ1	1	18	cleaved
Q6ZMC9	1	19	cleaved
P13726	1	32	cleaved
P0DTU4	1	21	cleaved
Q9NP99	1	20	cleaved
P49755	1	31	cleaved
A0A0B4J234	1	25	cleaved
P40126	1	23	cleaved
P36537	1	23	cleaved
Q8IUA0	1	38	cleaved
P10586	1	29	cleaved
P23471	1	24	cleaved
Q8WY21	1	33	cleaved
Q6UX34	1	24	cleaved
A6NMB1	1	16	cleaved
Q03403	1	23	cleaved
Q9BVK6	1	37	cleaved
Q8WW62	1	21	cleaved
Q5VY80	1	25	cleaved
A0A0K0K1A3	1	21	cleaved
Q9Y3Q3	1	23	cleaved
Q99603	1	20	cleaved
O14669	1	23	cleaved
A0A0A6YYK7	1	21	cleaved
A0A0K0K1G8	1	21	cleaved
Q03405	1	22	cleaved
Q6UXZ4	1	32	cleaved
A0A075B6N4	1	21	cleaved
A0A0C4DH59	1	21	cleaved
Q3ZCN5	1	22	cleaved
Q9Y5G4	1	28	cleaved
Q9Y5H1	1	28	cleaved
Q96S96	1	22	cleaved
Q6P1J6	1	21	cleaved
Q15195	1	19	cleaved
Q6ZMH5	1	20	cleaved
A0A0A0MS03	1	21	cleaved
P17948	1	26	cleaved
O00469	1	25	cleaved
P08922	1	27	cleaved
Q9BYH1	1	28	cleaved
Q8IWL1	1	20	cleaved
Q8IWT1	1	30	cleaved
Q8IWL2	1	20	cleaved
O15389	1	16	cleaved
Q8N3H0	1	30	cleaved
Q9BS86	1	44	cleaved
Q6ZRI8	1	40	cleaved
Q14162	1	19	cleaved
Q9BVC6	1	33	cleaved
O75443	1	22	cleaved
P05543	1	20	cleaved
Q7Z7H5	1	29	cleaved
Q6UWJ1	1	22	cleaved
Q9UHF0	1	16	cleaved
O00220	1	23	cleaved
P08582	1	19	cleaved
A0A075B6V5	1	21	cleaved
A0A589	1	21	cleaved
A0A0A6YYK4	1	21	cleaved
Q969E3	1	21	cleaved
Q05996	1	38	cleaved
Q8TCW7	1	19	cleaved
P15309	1	32	cleaved
Q6MZM9	1	15	cleaved
Q9Y2Y8	1	17	cleaved
Q9UIK5	1	40	cleaved
Q96H15	1	24	cleaved
Q6P9G4	1	22	cleaved
Q969Z4	1	25	cleaved
O75631	1	18	cleaved
P30530	1	25	cleaved
Q96RP3	1	22	cleaved
O95498	1	22	cleaved
P49765	1	21	cleaved
Q401N2	1	25	cleaved
Q8WWF5	1	27	cleaved
Q96DU3	1	21	cleaved
H3BS89	1	23	cleaved
Q9NS68	1	29	cleaved
Q86YD3	1	26	cleaved
P49746	1	22	cleaved
P35443	1	26	cleaved
Q9HC57	1	31	cleaved
Q6X784	1	20	cleaved
Q96DA0	1	52	cleaved
Q8N1Y9	1	25	cleaved
Q9H1E1	1	28	cleaved
P61278	1	24	cleaved
Q9NXL6	1	19	cleaved
Q14C87	1	30	cleaved
P00750	1	22	cleaved
P07204	1	18	cleaved
Q8TCV5	1	24	cleaved
P01282	1	20	cleaved
Q8IW00	1	23	cleaved
Q6UX71	1	30	cleaved
Q8NBL3	1	25	cleaved
A0A1W2PP97	1	21	cleaved
Q9NS62	1	24	cleaved
Q96A98	1	30	cleaved
P20396	1	24	cleaved
A8MV23	1	20	cleaved
Q9H3T3	1	25	cleaved
P0DP57	1	22	cleaved
A0A1B0GUA7	1	15	cleaved
A6NLX4	1	31	cleaved
Q96K49	1	42	cleaved
P43489	1	28	cleaved
Q9UBN6	1	55	cleaved
A0A1B0GX31	1	21	cleaved
Q5T742	1	28	cleaved
P21754	1	22	cleaved
A0A087WW87	1	19	cleaved
P19256	1	28	cleaved
Q12913	1	35	cleaved
A4D0T7	1	24	cleaved
Q6IEE7	1	25	cleaved
Q13454	1	41	cleaved
A0A0A6YYG2	1	21	cleaved
Q6UWM9	1	23	cleaved
Q9BQY6	1	25	cleaved
Q6UX27	1	16	cleaved
Q9Y279	1	19	cleaved
Q9Y493	1	17	cleaved
Q6UW15	1	26	cleaved
Q9BQ08	1	23	cleaved
P01033	1	23	cleaved
Q9BRN9	1	29	cleaved
P54855	1	23	cleaved
P19320	1	24	cleaved
O15240	1	22	cleaved
Q16827	1	29	cleaved
Q9BYZ8	1	22	cleaved
P05451	1	22	cleaved
A0A0A6YYD4	1	31	cleaved
P10600	1	23	cleaved
Q6UWW9	1	29	cleaved
Q92956	1	38	cleaved
Q07011	1	23	cleaved
O43914	1	21	cleaved
Q9BZM6	1	25	cleaved
A0A087X0K7	1	19	cleaved
Q9HAW8	1	25	cleaved
O75795	1	23	cleaved
O95497	1	21	cleaved
Q53EL9	1	19	cleaved
O60939	1	29	cleaved
Q86TD4	1	20	cleaved
P02814	1	22	cleaved
A1L4H1	1	16	cleaved
Q6UXR4	1	21	cleaved
P78539	1	30	cleaved
P40200	1	21	cleaved
A0A1B0GTY4	1	23	cleaved
Q9Y320	1	48	cleaved
Q8NEW7	1	27	cleaved
Q9UI38	1	39	cleaved
Q9BZJ3	1	25	cleaved
A0A075B6X5	1	20	cleaved
A0A1B0GX78	1	21	cleaved
Q8IUB5	1	22	cleaved
P41587	1	23	cleaved
O00744	1	28	cleaved
Q96MS0	1	20	cleaved
P04279	1	23	cleaved
A6NL88	1	19	cleaved
O94813	1	30	cleaved
P09758	1	26	cleaved
A2VDJ0	1	40	cleaved
P20366	1	19	cleaved
Q5T2D2	1	18	cleaved
P0DPF4	1	19	cleaved
A0A087WSZ9	1	21	cleaved
A0A0A6YYK1	1	20	cleaved
A0A0A0MS04	1	21	cleaved
E5RIL1	1	33	cleaved
Q6EMK4	1	23	cleaved
Q8WWY7	1	23	cleaved
Q71RG6	1	23	cleaved
Q9H173	1	31	cleaved
Q96PL2	1	17	cleaved
O60602	1	20	cleaved
O14773	1	19	cleaved
P0DKB5	1	26	cleaved
Q8NHM4	1	15	cleaved
A0A5B7	1	16	cleaved
P35504	1	28	cleaved
Q6NUS8	1	22	cleaved
Q7Z5L0	1	24	cleaved
O95399	1	20	cleaved
P56704	1	18	cleaved
P55058	1	17	cleaved
M5A8F1	1	39	cleaved
Q8IWU5	1	24	cleaved
Q495A1	1	21	cleaved
Q9BX74	1	37	cleaved
O43897	1	30	cleaved
P20333	1	22	cleaved
P34925	1	25	cleaved
Q6PDA7	1	25	cleaved
P31431	1	18	cleaved
Q9NY72	1	22	cleaved
Q9H4F8	1	26	cleaved
Q9H5Y7	1	26	cleaved
Q9Y336	1	17	cleaved
Q24JP5	1	35	cleaved
Q8N3T6	1	27	cleaved
Q9UQP3	1	28	cleaved
Q8IYR6	1	39	cleaved
Q8N2U0	1	29	cleaved
Q8IV31	1	25	cleaved
P16035	1	26	cleaved
O14763	1	55	cleaved
A0A0C4DH27	1	17	cleaved
O95407	1	29	cleaved
Q15661	1	18	cleaved
A0JD32	1	21	cleaved
A0A0B4J245	1	20	cleaved
A0A0B4J280	1	19	cleaved
P55808	1	21	cleaved
Q9BXY4	1	21	cleaved
Q96BY9	1	30	cleaved
P0DJI8	1	18	cleaved
P21583	1	25	cleaved
Q9H3U7	1	21	cleaved
Q9BT56	1	26	cleaved
P55000	1	22	cleaved
Q5JXA9	1	32	cleaved
Q9NYZ4	1	16	cleaved
P01266	1	19	cleaved
P0DSE2	1	21	cleaved
Q7RTX0	1	20	cleaved
A0A0B4J248	1	18	cleaved
A0A0B4J274	1	21	cleaved
A0A0B4J244	1	20	cleaved
A0A075B6T6	1	20	cleaved
A0A087WV62	1	20	cleaved
A0A075B6N3	1	21	cleaved
Q15904	1	41	cleaved
Q8NEX5	1	23	cleaved
Q8N0Z9	1	30	cleaved
O43895	1	21	cleaved
O43567	1	34	cleaved
Q9NTN9	1	17	cleaved
P48061	1	21	cleaved
Q96PL1	1	21	cleaved
O95968	1	21	cleaved
Q6UDR6	1	24	cleaved
Q8WXD2	1	19	cleaved
A0A0B4J277	1	21	cleaved
A0A075B6W5	1	21	cleaved
A0A0B4J262	1	20	cleaved
A0A0B4J241	1	20	cleaved
P0DPF7	1	21	cleaved
P22310	1	28	cleaved
O60656	1	25	cleaved
P49767	1	31	cleaved
Q6UXI7	1	26	cleaved
Q86XK7	1	21	cleaved
Q9Y6F9	1	24	cleaved
Q96KW9	1	24	cleaved
P04155	1	24	cleaved
Q6NUS6	1	22	cleaved
Q4V9L6	1	25	cleaved
Q86YW5	1	15	cleaved
Q8WVF2	1	26	cleaved
P06133	1	23	cleaved
P35968	1	19	cleaved
P56706	1	24	cleaved
P58294	1	19	cleaved
Q9BSG5	1	30	cleaved
Q5TEA6	1	23	cleaved
Q8WVN6	1	28	cleaved
P37173	1	22	cleaved
Q6ZMP0	1	25	cleaved
Q9GZM7	1	21	cleaved
Q86WS5	1	20	cleaved
Q8N816	1	19	cleaved
P07477	1	15	cleaved
O95881	1	26	cleaved
A0A0B4J275	1	21	cleaved
P0DPA2	1	21	cleaved
Q96DN2	1	21	cleaved
O95969	1	21	cleaved
Q4G0G5	1	23	cleaved
Q9BQ49	1	17	cleaved
Q8TDM5	1	19	cleaved
Q86WD7	1	23	cleaved
Q96LC7	1	16	cleaved
O76061	1	24	cleaved
Q6UWL2	1	29	cleaved
Q9H497	1	25	cleaved
P02787	1	19	cleaved
A0A0A0MS02	1	20	cleaved
P07996	1	18	cleaved
A0A0A0MS06	1	21	cleaved
Q6UXQ8	1	23	cleaved
Q9BZZ2	1	19	cleaved
Q92752	1	31	cleaved
P05452	1	21	cleaved
Q9Y3A6	1	27	cleaved
O00206	1	23	cleaved
Q7L0X0	1	25	cleaved
P41221	1	35	cleaved
Q14242	1	17	cleaved
Q8NBJ7	1	25	cleaved
P04437	1	21	cleaved
A0A0B4J249	1	22	cleaved
O95185	1	40	cleaved
O00755	1	31	cleaved
O75264	1	20	cleaved
Q9UQF0	1	20	cleaved
Q8IZJ1	1	26	cleaved
A0A075B6L6	1	21	cleaved
P22309	1	25	cleaved
Q9HAW7	1	25	cleaved
Q9NY84	1	22	cleaved
Q9H1F0	1	21	cleaved
Q13291	1	20	cleaved
P08294	1	18	cleaved
Q3SY77	1	22	cleaved
O43915	1	21	cleaved
Q68DV7	1	23	cleaved
Q2I0M5	1	19	cleaved
O43699	1	26	cleaved
A0A5A6	1	21	cleaved
Q8TAG5	1	24	cleaved
P60153	1	26	cleaved
Q7Z3Q1	1	25	cleaved
Q8N357	1	18	cleaved
P34741	1	18	cleaved
Q13586	1	22	cleaved
Q8TAT8	1	19	cleaved
A0A0K0K1C0	1	21	cleaved
O14905	1	22	cleaved
A8MTW9	1	21	cleaved
Q6UY13	1	19	cleaved
Q6UXR6	1	29	cleaved
A0A1B0GX49	1	21	cleaved
P0DTE4	1	20	cleaved
O75445	1	31	cleaved
Q14508	1	30	cleaved
P40225	1	21	cleaved
Q9P0T7	1	20	cleaved
Q96AW1	1	22	cleaved
P07911	1	24	cleaved
P56705	1	22	cleaved
Q9H1J5	1	24	cleaved
P04275	1	22	cleaved
Q8N2E2	1	20	cleaved
Q9UK55	1	21	cleaved
O60844	1	16	cleaved
Q8TD07	1	30	cleaved
Q6UXX9	1	21	cleaved
Q6XE38	1	21	cleaved
A0A0A0MS01	1	19	cleaved
A8MXK1	1	28	cleaved
P04628	1	27	cleaved
Q5GFL6	1	23	cleaved
Q8IW52	1	18	cleaved
Q96GP6	1	43	cleaved
A0A075B6N2	1	15	cleaved
A0A576	1	21	cleaved
A0A5B6	1	26	cleaved
A0A075B6N1	1	21	cleaved
A0A539	1	21	cleaved
P0DP72	1	28	cleaved
Q7Z7D3	1	24	cleaved
Q5TIE3	1	18	cleaved
Q6PCB0	1	22	cleaved
Q9ULF5	1	25	cleaved
Q8WWX9	1	23	cleaved
P0DJI9	1	18	cleaved
P09683	1	18	cleaved
Q0VAF6	1	21	cleaved
P13385	1	30	cleaved
Q8WZ71	1	20	cleaved
Q96CP7	1	35	cleaved
Q9Y6Q6	1	29	cleaved
P25445	1	25	cleaved
A0A0A6YYC5	1	21	cleaved
Q9Y5W5	1	28	cleaved
A6NLU5	1	28	cleaved
P49908	1	19	cleaved
P05060	1	20	cleaved
Q9BQB4	1	23	cleaved
Q8NBK3	1	33	cleaved
A6NGW2	1	25	cleaved
O15533	1	20	cleaved
P01222	1	20	cleaved
Q9BT76	1	29	cleaved
O15537	1	23	cleaved
Q96N03	1	24	cleaved
Q6UXD5	1	27	cleaved
O95025	1	36	cleaved
O43278	1	35	cleaved
Q8WTU2	1	47	cleaved
Q14515	1	16	cleaved
Q99954	1	22	cleaved
O75093	1	33	cleaved
A0A5B0	1	21	cleaved
P08138	1	28	cleaved
O00300	1	21	cleaved
Q8NBS9	1	32	cleaved
O00526	1	25	cleaved
A0A075B6L2	1	18	cleaved
P15692	1	26	cleaved
P47992	1	21	cleaved
P40967	1	24	cleaved
Q8TB22	1	22	cleaved
P01135	1	23	cleaved
A6NFA1	1	19	cleaved
Q9UPX0	1	20	cleaved
P14679	1	18	cleaved
A0A0A6YYJ7	1	20	cleaved
A0A0B4J268	1	19	cleaved
A0A087WT02	1	20	cleaved
P98155	1	27	cleaved
Q99835	1	27	cleaved
Q8NBJ9	1	18	cleaved
A0A0B4J265	1	19	cleaved
Q99727	1	29	cleaved
Q96BF3	1	22	cleaved
A0A0B4J238	1	18	cleaved
Q96J42	1	32	cleaved
A0A1B0GXF2	1	21	cleaved
Q9NYU1	1	27	cleaved
Q9HAW9	1	25	cleaved
P16662	1	23	cleaved
O60894	1	26	cleaved
Q14257	1	22	cleaved
Q7Z7G0	1	28	cleaved
Q9C0I4	1	31	cleaved
Q5T292	1	19	cleaved
Q92563	1	22	cleaved
Q9Y3B3	1	34	cleaved
Q9BXR5	1	19	cleaved
P40238	1	25	cleaved
A0JD36	1	19	cleaved
Q9BZD6	1	17	cleaved
Q8WU66	1	19	cleaved
Q8TE23	1	19	cleaved
P17643	1	24	cleaved
P01737	1	20	cleaved
A0A075B6T7	1	40	cleaved
A0A0B4J271	1	21	cleaved
A0A075B6U4	1	21	cleaved
A0A0B4J273	1	21	cleaved
P60508	1	15	cleaved
Q8WUY1	1	17	cleaved
O15455	1	23	cleaved
O14657	1	24	cleaved
Q8NBM4	1	35	cleaved
P35503	1	28	cleaved
P04808	1	22	cleaved
Q8IW75	1	20	cleaved
Q92673	1	28	cleaved
Q9UIB8	1	21	cleaved
Q9NY15	1	25	cleaved
Q8IWU6	1	22	cleaved
Q7Z5A9	1	19	cleaved
P61812	1	20	cleaved
P04216	1	19	cleaved
Q4KMG9	1	24	cleaved
A0A0C4DH28	1	17	cleaved
A0A087WT01	1	19	cleaved
A0A1B0GX51	1	21	cleaved
P01733	1	21	cleaved
P49190	1	24	cleaved
Q96A99	1	25	cleaved
P08575	1	25	cleaved
P07998	1	28	cleaved
P47872	1	22	cleaved
P50454	1	18	cleaved
O75094	1	33	cleaved
Q7RTU9	1	22	cleaved
Q9P246	1	14	cleaved
Q6URK8	1	19	cleaved
Q12836	1	18	cleaved
Q9NTG1	1	19	cleaved
Q13332	1	29	cleaved
Q9UBS9	1	29	cleaved
P01137	1	29	cleaved
Q9Y2C9	1	31	cleaved
Q9NZC2	1	18	cleaved
P03979	1	17	cleaved
Q9NQ34	1	33	cleaved
P35916	1	24	cleaved
Q9H1J7	1	17	cleaved
Q15262	1	26	cleaved
Q04912	1	24	cleaved
Q5GAN3	1	20	cleaved
Q9Y286	1	18	cleaved
Q8IUB3	1	21	cleaved
O14904	1	29	cleaved
Q07654	1	35	cleaved
Q6P7N7	1	30	cleaved
Q9NQE7	1	24	cleaved
P20231	1	18	cleaved
A0A584	1	21	cleaved
P25311	1	20	cleaved
A0A0K0K1E9	1	21	cleaved
A0A5A2	1	21	cleaved
Q9BZM5	1	25	cleaved
Q8TEU8	1	34	cleaved
Q9GZT5	1	35	cleaved
Q9Y334	1	28	cleaved
Q6ZRU5	1	35	cleaved
A0A597	1	21	cleaved
A0A0K0K1C4	1	21	cleaved
P00749	1	20	cleaved
P78423	1	24	cleaved
Q96IQ7	1	23	cleaved
P56703	1	21	cleaved
Q8N145	1	30	cleaved
Q9Y5X9	1	20	cleaved
Q6UWN5	1	25	cleaved
P20645	1	26	cleaved
Q02817	1	20	cleaved
Q02083	1	28	cleaved
Q8NFZ4	1	14	cleaved
P58401	1	50	cleaved
Q9Y5F3	1	28	cleaved
Q9UN66	1	29	cleaved
Q9Y5E9	1	26	cleaved
Q96RI0	1	17	cleaved
Q9NZK7	1	19	cleaved
Q6UXH9	1	21	cleaved
Q96PD5	1	21	cleaved
P12273	1	28	cleaved
A0A0A0MRZ7	1	20	cleaved
P01717	1	19	cleaved
Q17RY6	1	17	cleaved
P01718	1	20	cleaved
P10253	1	27	cleaved
P51512	1	31	cleaved
Q68D85	1	24	cleaved
A6NHN0	1	23	cleaved
P13674	1	17	cleaved
Q9Y5E7	1	30	cleaved
Q9Y5G3	1	28	cleaved
O60330	1	29	cleaved
Q13087	1	21	cleaved
Q9P2E7	1	18	cleaved
P04180	1	24	cleaved
O95711	1	20	cleaved
P14780	1	19	cleaved
A6NHM9	1	16	cleaved
O00634	1	27	cleaved
A0A2R8Y4Y8	1	13	cleaved
Q99650	1	27	cleaved
Q9NPH6	1	15	cleaved
P07237	1	17	cleaved
Q9Y5E6	1	26	cleaved
Q9Y5H4	1	28	cleaved
P13667	1	20	cleaved
Q8N807	1	20	cleaved
Q9Y5F9	1	30	cleaved
Q08174	1	57	cleaved
Q9Y5F6	1	29	cleaved
P81277	1	22	cleaved
Q7Z5A4	1	26	cleaved
Q9BZA8	1	28	cleaved
Q6UW60	1	25	cleaved
P41586	1	20	cleaved
P09466	1	18	cleaved
Q9GZP0	1	18	cleaved
Q9UNK4	1	20	cleaved
A0A075B6I7	1	19	cleaved
Q96JB6	1	24	cleaved
Q3MIW9	1	29	cleaved
Q969H8	1	31	cleaved
Q92823	1	24	cleaved
Q9HCQ7	1	26	cleaved
Q92692	1	31	cleaved
Q8NFZ3	1	43	cleaved
Q496H8	1	35	cleaved
Q96CW9	1	17	cleaved
Q9BX93	1	19	cleaved
P23284	1	33	cleaved
P12272	1	24	cleaved
P11464	1	34	cleaved
Q13349	1	17	cleaved
P43630	1	21	cleaved
Q9H7L2	1	16	cleaved
P43627	1	21	cleaved
Q6UXB3	1	22	cleaved
Q7Z6M3	1	19	cleaved
O15118	1	22	cleaved
Q86UD1	1	27	cleaved
Q9Y5I3	1	29	cleaved
Q9UN74	1	29	cleaved
P05164	1	48	cleaved
O43692	1	19	cleaved
Q8TF66	1	21	cleaved
Q86VZ4	1	37	cleaved
O00462	1	17	cleaved
Q9BUR5	1	25	cleaved
Q9ULZ9	1	35	cleaved
Q96S42	1	26	cleaved
Q99574	1	16	cleaved
Q9Y639	1	28	cleaved
Q9BZM2	1	20	cleaved
P25116	1	21	cleaved
A0A0C4DH32	1	19	cleaved
O95965	1	23	cleaved
P08648	1	41	cleaved
P20701	1	25	cleaved
P43629	1	21	cleaved
P15018	1	22	cleaved
Q6ISS4	1	21	cleaved
P18627	1	22	cleaved
P00709	1	19	cleaved
A0A0C4DH26	1	20	cleaved
Q16787	1	35	cleaved
O15230	1	35	cleaved
Q9NPD7	1	27	cleaved
Q5PT55	1	19	cleaved
P0DJD8	1	15	cleaved
O75051	1	34	cleaved
Q02325	1	19	cleaved
Q5K4E3	1	22	cleaved
Q9P0G3	1	34	cleaved
Q6PJG9	1	16	cleaved
O95867	1	18	cleaved
P01705	1	19	cleaved
P61626	1	18	cleaved
Q16553	1	20	cleaved
P21941	1	22	cleaved
Q7Z3B1	1	37	cleaved
O15394	1	19	cleaved
P69849	1	31	cleaved
P30990	1	23	cleaved
Q8NG41	1	24	cleaved
P48645	1	34	cleaved
O15120	1	23	cleaved
P10163	1	16	cleaved
P02812	1	16	cleaved
A8MTI9	1	23	cleaved
Q7RTY5	1	20	cleaved
Q6E0U4	1	21	cleaved
P05305	1	17	cleaved
Q14574	1	27	cleaved
P0DP01	1	19	cleaved
Q01344	1	20	cleaved
Q13651	1	21	cleaved
P43632	1	21	cleaved
Q08380	1	18	cleaved
P80748	1	17	cleaved
P28300	1	21	cleaved
P0DPK3	1	25	cleaved
P22794	1	30	cleaved
O75610	1	21	cleaved
O75325	1	18	cleaved
Q96DR8	1	20	cleaved
Q9Y5G5	1	29	cleaved
P36955	1	19	cleaved
A0A075B6S9	1	22	cleaved
Q6JVE5	1	19	cleaved
P01178	1	19	cleaved
P24158	1	25	cleaved
Q9NS98	1	22	cleaved
O75556	1	18	cleaved
Q8WUA8	1	16	cleaved
Q9P2K2	1	27	cleaved
O00584	1	24	cleaved
Q9Y6N7	1	25	cleaved
Q5GAN4	1	20	cleaved
Q9HC07	1	33	cleaved
Q8TB96	1	33	cleaved
Q9NRR2	1	19	cleaved
Q92765	1	32	cleaved
Q6ZPB5	1	26	cleaved
Q8IUH8	1	21	cleaved
P52823	1	17	cleaved
Q2MV58	1	22	cleaved
Q8NBN3	1	21	cleaved
Q96HV5	1	17	cleaved
P0DSE1	1	19	cleaved
O43280	1	23	cleaved
Q3KNT9	1	16	cleaved
P16473	1	20	cleaved
P07478	1	15	cleaved
Q9BZM4	1	29	cleaved
Q6P5W5	1	22	cleaved
Q58EX2	1	20	cleaved
Q7Z5A8	1	30	cleaved
Q9NYK1	1	26	cleaved
Q86UU9	1	20	cleaved
Q9Y6L7	1	25	cleaved
Q9UPZ6	1	47	cleaved
Q9Y5U5	1	25	cleaved
Q96JJ7	1	24	cleaved
Q02763	1	22	cleaved
Q9NP84	1	27	cleaved
P36941	1	30	cleaved
A0A075B6R0	1	17	cleaved
P05187	1	22	cleaved
P26022	1	17	cleaved
Q00887	1	34	cleaved
Q93091	1	23	cleaved
Q8N755	1	19	cleaved
Q13275	1	18	cleaved
Q8IZW8	1	18	cleaved
Q9NR96	1	25	cleaved
Q99805	1	28	cleaved
Q15363	1	20	cleaved
B2RUY7	1	21	cleaved
A0A1B0GX56	1	21	cleaved
P04629	1	32	cleaved
P58400	1	50	cleaved
Q7Z5L7	1	19	cleaved
P48304	1	22	cleaved
Q8WWQ8	1	19	cleaved
Q7Z442	1	17	cleaved
Q7Z443	1	23	cleaved
Q6ZVN8	1	35	cleaved
Q9HCN8	1	28	cleaved
Q8IVN8	1	20	cleaved
P13521	1	27	cleaved
P01286	1	20	cleaved
P35590	1	21	cleaved
Q9HD45	1	28	cleaved
O14656	1	20	cleaved
Q5JU69	1	26	cleaved
P25942	1	20	cleaved
A0A0B4J1U4	1	17	cleaved
P98066	1	17	cleaved
O95980	1	22	cleaved
Q9C0K1	1	22	cleaved
Q92854	1	21	cleaved
Q8NFY4	1	20	cleaved
O75326	1	44	cleaved
Q9H106	1	29	cleaved
P02766	1	20	cleaved
Q13445	1	23	cleaved
Q2TAL6	1	27	cleaved
Q02818	1	26	cleaved
Q8N271	1	26	cleaved
Q06141	1	26	cleaved
P21815	1	16	cleaved
A2VEC9	1	17	cleaved
Q9UK28	1	24	cleaved
Q15399	1	24	cleaved
Q13641	1	31	cleaved
Q96DD7	1	27	cleaved
Q13103	1	29	cleaved
W5XKT8	1	26	cleaved
P43308	1	17	cleaved
P02808	1	19	cleaved
Q8IUB2	1	24	cleaved
Q8N3G9	1	24	cleaved
O15321	1	27	cleaved
Q6UXU6	1	26	cleaved
A0A0B4J237	1	20	cleaved
Q6H3X3	1	25	cleaved
A0A0A0MS05	1	21	cleaved
A0A0K0K1A5	1	21	cleaved
Q5TFQ8	1	29	cleaved
B6A8C7	1	16	cleaved
Q6ZN44	1	25	cleaved
P09544	1	25	cleaved
A0A599	1	21	cleaved
O75310	1	21	cleaved
P12018	1	19	cleaved
Q6UXV3	1	30	cleaved
Q8WZ59	1	21	cleaved
Q96GX1	1	25	cleaved
A0JD37	1	18	cleaved
Q8N2E6	1	26	cleaved
Q9P2J2	1	20	cleaved
Q969D9	1	28	cleaved
A0A0B4J266	1	21	cleaved
A0A075B6T8	1	20	cleaved
P04435	1	21	cleaved
A0A0J9YX75	1	21	cleaved
Q9ULT6	1	55	cleaved
A0A578	1	21	cleaved
A0A0B4J2E0	1	21	cleaved
Q9NYU2	1	42	cleaved
P04004	1	19	cleaved
A8MUN3	1	35	cleaved
A0A0A6YYG3	1	21	cleaved
A0A087X0M5	1	21	cleaved
Q765I0	1	28	cleaved
A0A0K0K1G6	1	21	cleaved
A0A0J9YXY3	1	21	cleaved
P19224	1	26	cleaved
Q8NEX6	1	25	cleaved
Q5DID0	1	21	cleaved
P02774	1	16	cleaved
A0A0B4J1U6	1	21	cleaved
Q86VR7	1	27	cleaved
Q8NI32	1	39	cleaved
Q96QE4	1	27	cleaved
P01709	1	19	cleaved
O75019	1	16	cleaved
P54315	1	17	cleaved
P47972	1	15	cleaved
Q15155	1	31	cleaved
Q8N323	1	21	cleaved
Q9HCL0	1	27	cleaved
Q9Y4D7	1	46	cleaved
Q96QR1	1	20	cleaved
Q9NQ36	1	31	cleaved
Q92791	1	18	cleaved
Q96PQ0	1	50	cleaved
A0A087WSY6	1	20	cleaved
O95868	1	19	cleaved
P01700	1	19	cleaved
O00339	1	23	cleaved
P10619	1	28	cleaved
Q9UQ72	1	34	cleaved
P09486	1	17	cleaved
Q9NQ25	1	22	cleaved
A0A0C4DH42	1	19	cleaved
A0A0B4J1Y9	1	19	cleaved
P22692	1	21	cleaved
Q6IE38	1	21	cleaved
P56199	1	28	cleaved
P60985	1	22	cleaved
Q9UKR3	1	16	cleaved
Q08397	1	25	cleaved
O15031	1	19	cleaved
Q13519	1	19	cleaved
P22891	1	23	cleaved
Q9NPR2	1	43	cleaved
Q6UWP8	1	25	cleaved
Q9HD89	1	18	cleaved
Q2MKA7	1	20	cleaved
Q5JQD4	1	23	cleaved
Q8WXF3	1	25	cleaved
Q9H2E6	1	18	cleaved
Q8TD33	1	23	cleaved
Q6ZSJ9	1	25	cleaved
P49223	1	24	cleaved
P10082	1	28	cleaved
A0A1B0GV85	1	23	cleaved
O60896	1	23	cleaved
Q13433	1	28	cleaved
P18827	1	22	cleaved
Q8TCT8	1	25	cleaved
Q13253	1	27	cleaved
Q8N729	1	32	cleaved
Q6UQ28	1	25	cleaved
Q8IUW5	1	23	cleaved
Q99985	1	20	cleaved
O43291	1	27	cleaved
O75830	1	18	cleaved
Q86U17	1	19	cleaved
Q8IUK5	1	18	cleaved
P27918	1	27	cleaved
P21246	1	32	cleaved
Q8N114	1	28	cleaved
Q9HB40	1	26	cleaved
Q6NUM9	1	18	cleaved
P07949	1	28	cleaved
Q8WZ75	1	27	cleaved
Q8IX30	1	20	cleaved
A0PJX4	1	21	cleaved
P60852	1	25	cleaved
Q9P1C3	1	32	cleaved
Q6UXU0	1	34	cleaved
A0A0K0K1B3	1	18	cleaved
P11684	1	21	cleaved
P02768	1	18	cleaved
Q8NCL9	1	24	cleaved
Q9NR61	1	26	cleaved
A6NNS2	1	18	cleaved
Q8IUX8	1	21	cleaved
P01780	1	19	cleaved
P0DP03	1	19	cleaved
Q8NDA2	1	22	cleaved
A8MTL9	1	20	cleaved
P05112	1	24	cleaved
P01571	1	23	cleaved
P01562	1	23	cleaved
P08069	1	30	cleaved
Q16552	1	23	cleaved
Q9UHD0	1	24	cleaved
Q969P0	1	27	cleaved
P15260	1	17	cleaved
Q7KYR7	1	28	cleaved
Q9H159	1	21	cleaved
P07858	1	17	cleaved
P23280	1	17	cleaved
P25067	1	28	cleaved
Q9UGN4	1	17	cleaved
Q9H4D0	1	20	cleaved
A0A1B0GTL2	1	23	cleaved
A8MXU0	1	22	cleaved
Q9BPW9	1	17	cleaved
Q9NZJ5	1	29	cleaved
Q8NBI3	1	25	cleaved
Q15389	1	15	cleaved
P28906	1	31	cleaved
P06276	1	28	cleaved
Q6UXS0	1	19	cleaved
P12107	1	35	cleaved
P0C0L4	1	19	cleaved
Q2UY09	1	23	cleaved
Q9BU40	1	27	cleaved
Q96CG8	1	30	cleaved
Q9BQT9	1	19	cleaved
P08174	1	34	cleaved
P10767	1	37	cleaved
P24530	1	26	cleaved
P32297	1	31	cleaved
Q6UWF9	1	17	cleaved
I3L273	1	19	cleaved
Q92820	1	24	cleaved
P07359	1	16	cleaved
P42262	1	24	cleaved
P01772	1	19	cleaved
Q9Y6W8	1	20	cleaved
P32881	1	23	cleaved
O75054	1	19	cleaved
Q93033	1	20	cleaved
O95976	1	27	cleaved
Q9NPH3	1	20	cleaved
P22304	1	25	cleaved
Q9Y6C2	1	21	cleaved
Q15884	1	29	cleaved
Q8NFU4	1	17	cleaved
Q9H461	1	27	cleaved
P0CG01	1	20	cleaved
Q5T848	1	23	cleaved
P05113	1	19	cleaved
P05019	1	21	cleaved
Q8IVU1	1	35	cleaved
P01344	1	24	cleaved
P10145	1	20	cleaved
P42702	1	44	cleaved
Q6WRI0	1	28	cleaved
Q9NPH9	1	21	cleaved
P18065	1	35	cleaved
O95256	1	19	cleaved
P05408	1	26	cleaved
A5X5Y0	1	25	cleaved
Q8IZF4	1	21	cleaved
O71037	1	89	cleaved
Q14393	1	30	cleaved
P15328	1	24	cleaved
P18507	1	39	cleaved
Q86V85	1	22	cleaved
O14793	1	23	cleaved
P14210	1	31	cleaved
P01817	1	19	cleaved
P30532	1	22	cleaved
P17787	1	25	cleaved
P55056	1	29	cleaved
Q6UWV6	1	21	cleaved
Q96DZ1	1	33	cleaved
Q14831	1	34	cleaved
Q99075	1	19	cleaved
P01742	1	19	cleaved
Q9UHF5	1	20	cleaved
Q9HBE4	1	24	cleaved
Q9NYY1	1	24	cleaved
Q13007	1	51	cleaved
Q9H324	1	25	cleaved
Q8IZS8	1	28	cleaved
Q9BXI9	1	46	cleaved
P14209	1	22	cleaved
P16070	1	20	cleaved
Q14050	1	25	cleaved
P12111	1	25	cleaved
Q6IED9	1	17	cleaved
Q9NRD9	1	21	cleaved
Q14126	1	23	cleaved
B6SEH8	1	21	cleaved
P58658	1	48	cleaved
Q86UL3	1	37	cleaved
P01148	1	23	cleaved
O95998	1	30	cleaved
Q14667	1	31	cleaved
Q9Y624	1	27	cleaved
P07510	1	22	cleaved
O75078	1	23	cleaved
Q8TD06	1	21	cleaved
P03950	1	24	cleaved
P0DUB6	1	15	cleaved
P00742	1	31	cleaved
P54756	1	24	cleaved
Q9H6D8	1	44	cleaved
Q86VR8	1	24	cleaved
Q03591	1	18	cleaved
O75084	1	32	cleaved
Q86UW8	1	29	cleaved
O00115	1	18	cleaved
Q9UBT3	1	18	cleaved
Q9UHL4	1	21	cleaved
Q96A84	1	22	cleaved
Q15768	1	27	cleaved
Q9UBC7	1	24	cleaved
Q86XS8	1	27	cleaved
A0A0C4DH34	1	19	cleaved
P01589	1	21	cleaved
Q8TDY8	1	24	cleaved
P13232	1	25	cleaved
A6NI73	1	41	cleaved
O75096	1	20	cleaved
Q9Y2E5	1	23	cleaved
Q5HYA8	1	35	cleaved
Q641Q3	1	45	cleaved
O95297	1	35	cleaved
P08118	1	20	cleaved
Q2TV78	1	20	cleaved
Q6W4X9	1	22	cleaved
A0A2R8YFL7	1	19	cleaved
P61366	1	27	cleaved
Q8IYS5	1	18	cleaved
Q9Y5H2	1	29	cleaved
Q9Y5G9	1	59	cleaved
Q9Y5I0	1	29	cleaved
Q9Y5E3	1	27	cleaved
Q14767	1	35	cleaved
P09237	1	17	cleaved
P21741	1	20	cleaved
P08254	1	17	cleaved
Q6UX53	1	23	cleaved
Q685J3	1	25	cleaved
Q9Y5H9	1	22	cleaved
Q96GW7	1	22	cleaved
P0DJD7	1	15	cleaved
Q99943	1	26	cleaved
Q9UM44	1	22	cleaved
A8MVS5	1	19	cleaved
P01762	1	19	cleaved
P0DP08	1	19	cleaved
O75144	1	18	cleaved
Q96PD4	1	30	cleaved
P23229	1	23	cleaved
P25391	1	17	cleaved
A0A075B6I9	1	19	cleaved
Q3SXY7	1	19	cleaved
Q14114	1	32	cleaved
P29376	1	16	cleaved
Q13421	1	36	cleaved
P12872	1	25	cleaved
Q99466	1	23	cleaved
Q9Y5I2	1	28	cleaved
A0A0J9YXX1	1	19	cleaved
Q9NRM6	1	17	cleaved
Q9H2R5	1	16	cleaved
A6NMS7	1	35	cleaved
Q9BXB1	1	24	cleaved
Q86VH4	1	30	cleaved
P13591	1	19	cleaved
Q13508	1	26	cleaved
Q99972	1	32	cleaved
Q9HC58	1	44	cleaved
Q9Y2G5	1	21	cleaved
Q8NHW6	1	21	cleaved
O43612	1	33	cleaved
Q9Y5G1	1	30	cleaved
Q8IXL6	1	22	cleaved
P34059	1	26	cleaved
P14314	1	14	cleaved
P15586	1	36	cleaved
P0DP06	1	19	cleaved
Q06033	1	20	cleaved
Q9GZZ8	1	19	cleaved
P01619	1	20	cleaved
P01703	1	19	cleaved
A0A075B6J1	1	19	cleaved
Q92542	1	33	cleaved
P80303	1	24	cleaved
P14222	1	21	cleaved
Q5JTB6	1	22	cleaved
A0A075B6R2	1	19	cleaved
Q14624	1	28	cleaved
Q13683	1	33	cleaved
P10721	1	25	cleaved
P06870	1	18	cleaved
P04432	1	22	cleaved
Q9NZR2	1	20	cleaved
Q9P2V4	1	21	cleaved
Q7Z304	1	18	cleaved
Q8IXL7	1	32	cleaved
P37023	1	21	cleaved
P36896	1	23	cleaved
O95994	1	20	cleaved
Q8IYK4	1	27	cleaved
Q6UXV1	1	20	cleaved
P16233	1	16	cleaved
P16519	1	25	cleaved
A0A075B6I6	1	19	cleaved
Q9UHC9	1	21	cleaved
Q96NY8	1	31	cleaved
P01185	1	19	cleaved
Q9ULB1	1	30	cleaved
Q9Y5H7	1	28	cleaved
Q96LB9	1	17	cleaved
P0DSN7	1	22	cleaved
P55268	1	32	cleaved
Q5VXJ0	1	19	cleaved
Q29983	1	23	cleaved
Q9UNW1	1	30	cleaved
Q9NPE2	1	15	cleaved
O60391	1	22	cleaved
Q68BL8	1	22	cleaved
Q9UN67	1	26	cleaved
Q9Y5H0	1	29	cleaved
O75473	1	21	cleaved
Q5SQ64	1	16	cleaved
A0A075B6I4	1	21	cleaved
P01614	1	19	cleaved
P0CAP1	1	20	cleaved
Q8WWZ8	1	22	cleaved
P01833	1	18	cleaved
A6NC86	1	26	cleaved
P98160	1	21	cleaved
A6NFU0	1	17	cleaved
F2Z333	1	20	cleaved
P12318	1	33	cleaved
Q14332	1	23	cleaved
Q9H772	1	21	cleaved
P06028	1	19	cleaved
Q6UWX4	1	41	cleaved
P01767	1	19	cleaved
P01570	1	23	cleaved
Q6UW32	1	24	cleaved
P16871	1	20	cleaved
Q8N6P7	1	15	cleaved
Q14213	1	20	cleaved
P38484	1	21	cleaved
Q9HB29	1	19	cleaved
P38567	1	35	cleaved
Q6UXK2	1	18	cleaved
Q96J84	1	16	cleaved
Q8N743	1	25	cleaved
P43626	1	21	cleaved
P16422	1	23	cleaved
P23141	1	17	cleaved
O00602	1	29	cleaved
P05160	1	20	cleaved
O95302	1	24	cleaved
Q92496	1	19	cleaved
P31995	1	42	cleaved
P22455	1	21	cleaved
O75899	1	41	cleaved
O43424	1	23	cleaved
Q9NQ84	1	23	cleaved
O75487	1	18	cleaved
P47871	1	25	cleaved
A0A0C4DH25	1	20	cleaved
O60309	1	35	cleaved
P07942	1	21	cleaved
Q6UXM1	1	24	cleaved
P02654	1	26	cleaved
Q6UWR7	1	22	cleaved
O95925	1	21	cleaved
O15197	1	31	cleaved
Q9UBX5	1	23	cleaved
Q12805	1	17	cleaved
P30273	1	18	cleaved
Q9NYL4	1	27	cleaved
Q14314	1	23	cleaved
A0A0B4J1V1	1	19	cleaved
A0A0C4DH69	1	22	cleaved
Q5VYY2	1	33	cleaved
Q8N149	1	23	cleaved
Q8N967	1	35	cleaved
Q02505	1	15	cleaved
P17050	1	17	cleaved
Q5XG92	1	20	cleaved
P54753	1	33	cleaved
P01764	1	19	cleaved
P27539	1	29	cleaved
P51124	1	23	cleaved
P10144	1	18	cleaved
P40197	1	16	cleaved
O15303	1	24	cleaved
A0A0A0MS14	1	19	cleaved
P29622	1	20	cleaved
P01721	1	19	cleaved
A0A075B6K5	1	20	cleaved
Q7Z553	1	25	cleaved
O75074	1	36	cleaved
Q969V3	1	42	cleaved
O43847	1	20	cleaved
Q14957	1	19	cleaved
Q76MJ5	1	34	cleaved
Q96D42	1	20	cleaved
Q30201	1	22	cleaved
P01814	1	19	cleaved
P01825	1	19	cleaved
A0A0J9YVY3	1	19	cleaved
Q95460	1	22	cleaved
P01601	1	22	cleaved
Q5VT99	1	27	cleaved
Q8N423	1	21	cleaved
P22888	1	26	cleaved
Q14703	1	17	cleaved
Q99102	1	28	cleaved
P12259	1	28	cleaved
Q9P2B2	1	25	cleaved
Q9NR23	1	24	cleaved
Q5VW38	1	39	cleaved
A0A075B6Q5	1	20	cleaved
Q5VV43	1	20	cleaved
O76095	1	30	cleaved
Q8IYV9	1	21	cleaved
Q6UX15	1	21	cleaved
P09238	1	17	cleaved
P55157	1	18	cleaved
P14784	1	26	cleaved
P20809	1	21	cleaved
P05362	1	27	cleaved
P26010	1	19	cleaved
P08514	1	31	cleaved
P24593	1	20	cleaved
P11215	1	16	cleaved
Q9HBW1	1	38	cleaved
Q7Z4W2	1	19	cleaved
Q29980	1	22	cleaved
Q9H1A3	1	18	cleaved
Q5T4B2	1	22	cleaved
Q96JK4	1	19	cleaved
A0A0C4DH41	1	19	cleaved
P00995	1	23	cleaved
Q86UX2	1	16	cleaved
Q96S16	1	23	cleaved
P19823	1	18	cleaved
Q13797	1	29	cleaved
Q9NRX6	1	22	cleaved
Q9Y5K2	1	26	cleaved
Q9Y4K0	1	25	cleaved
Q16609	1	21	cleaved
Q96KG7	1	25	cleaved
P15941	1	23	cleaved
Q7Z5P9	1	21	cleaved
Q9NQX5	1	34	cleaved
Q96AP7	1	29	cleaved
P00451	1	19	cleaved
Q92520	1	24	cleaved
P21860	1	19	cleaved
Q8IW92	1	32	cleaved
P04062	1	39	cleaved
Q9NU53	1	23	cleaved
O14764	1	16	cleaved
A0A0B4J1U7	1	20	cleaved
Q8WWQ2	1	41	cleaved
P0C7L1	1	21	cleaved
Q6UWQ5	1	19	cleaved
Q9UK23	1	25	cleaved
P32418	1	35	cleaved
P98173	1	33	cleaved
Q15303	1	25	cleaved
P15516	1	19	cleaved
P00738	1	18	cleaved
K9M1U5	1	21	cleaved
P26951	1	18	cleaved
P27352	1	18	cleaved
P01579	1	23	cleaved
P35225	1	24	cleaved
P29459	1	22	cleaved
P13598	1	24	cleaved
Q8N6C5	1	28	cleaved
Q96ID5	1	24	cleaved
Q969J5	1	21	cleaved
Q8N0V4	1	28	cleaved
A0A087WSZ0	1	22	cleaved
Q9NR99	1	26	cleaved
Q16363	1	24	cleaved
Q86SG7	1	19	cleaved
P20382	1	21	cleaved
Q9NPA2	1	21	cleaved
Q6UVY6	1	19	cleaved
P41271	1	16	cleaved
Q9NQS3	1	57	cleaved
O14786	1	21	cleaved
Q7RTZ1	1	22	cleaved
P41217	1	30	cleaved
A0A2R8YFM6	1	22	cleaved
P13725	1	25	cleaved
P78504	1	33	cleaved
Q8IU57	1	20	cleaved
P01599	1	22	cleaved
A6NDA9	1	19	cleaved
Q8WUT4	1	18	cleaved
Q8NHL6	1	23	cleaved
Q9UBG0	1	30	cleaved
O00533	1	24	cleaved
O14524	1	43	cleaved
P46531	1	18	cleaved
Q99748	1	19	cleaved
P01275	1	20	cleaved
P78333	1	24	cleaved
P11226	1	20	cleaved
Q8N119	1	24	cleaved
Q8NFF2	1	38	cleaved
O95944	1	21	cleaved
P01782	1	19	cleaved
P22301	1	18	cleaved
P05556	1	20	cleaved
B1AKI9	1	29	cleaved
Q9UKQ9	1	15	cleaved
P62502	1	20	cleaved
O94898	1	40	cleaved
O75581	1	19	cleaved
Q8WTR8	1	16	cleaved
Q6UWF7	1	27	cleaved
P58417	1	21	cleaved
P26927	1	18	cleaved
P01766	1	19	cleaved
A0A0J9YX35	1	19	cleaved
Q13261	1	30	cleaved
Q99706	1	21	cleaved
Q8NCW0	1	25	cleaved
Q6JVE9	1	25	cleaved
P09848	1	19	cleaved
P18428	1	25	cleaved
Q8NI22	1	26	cleaved
Q9NRE1	1	17	cleaved
Q8N387	1	23	cleaved
P57103	1	30	cleaved
Q9UM47	1	39	cleaved
Q7RTY7	1	22	cleaved
Q7Z4N8	1	19	cleaved
Q9Y3Q7	1	16	cleaved
P02760	1	19	cleaved
P05106	1	26	cleaved
Q9NZN1	1	18	cleaved
P01308	1	24	cleaved
Q9NVR0	1	15	cleaved
P01130	1	21	cleaved
Q96PB8	1	33	cleaved
Q9H756	1	24	cleaved
Q9UPR5	1	20	cleaved
O95156	1	22	cleaved
Q6IE37	1	21	cleaved
Q0P651	1	24	cleaved
Q6UXH0	1	21	cleaved
Q86XS5	1	25	cleaved
P21128	1	18	cleaved
O75460	1	18	cleaved
Q3ZCQ3	1	26	cleaved
Q14697	1	28	cleaved
Q9BTY2	1	28	cleaved
P18505	1	25	cleaved
Q3B7J2	1	25	cleaved
Q86XP6	1	20	cleaved
Q5SRR4	1	41	cleaved
Q6UXK5	1	25	cleaved
E2RYF6	1	26	cleaved
Q93070	1	46	cleaved
Q8TCU5	1	23	cleaved
Q99519	1	47	cleaved
P00533	1	24	cleaved
P61570	1	89	cleaved
Q5JX69	1	19	cleaved
Q9ULV1	1	36	cleaved
Q02643	1	22	cleaved
Q8N1C3	1	35	cleaved
Q9UN88	1	21	cleaved
P13224	1	25	cleaved
Q9ULK0	1	20	cleaved
P42263	1	28	cleaved
A0A0C4DH30	1	19	cleaved
Q96RW7	1	21	cleaved
Q6UXX5	1	23	cleaved
Q8IYS2	1	40	cleaved
P17301	1	29	cleaved
P53708	1	38	cleaved
P58166	1	19	cleaved
A0A0C4DH24	1	19	cleaved
P13473	1	28	cleaved
A0A0A0MT36	1	19	cleaved
Q6PI73	1	23	cleaved
A6NHN6	1	18	cleaved
Q9Y2I2	1	28	cleaved
P19652	1	18	cleaved
O43184	1	28	cleaved
Q9HAR2	1	19	cleaved
Q6QNK2	1	25	cleaved
Q6UXG2	1	41	cleaved
P26006	1	32	cleaved
Q8N109	1	21	cleaved
Q92876	1	16	cleaved
P49862	1	22	cleaved
Q6XZB0	1	15	cleaved
Q8TDF5	1	22	cleaved
O15204	1	30	cleaved
P02655	1	22	cleaved
Q07507	1	18	cleaved
P28068	1	18	cleaved
P54764	1	19	cleaved
P06396	1	27	cleaved
O75715	1	21	cleaved
P25092	1	23	cleaved
O14756	1	17	cleaved
Q96FE5	1	41	cleaved
A0A075B6S4	1	22	cleaved
P32004	1	19	cleaved
Q9NT99	1	35	cleaved
A0A0A0MRZ9	1	19	cleaved
Q5JS37	1	25	cleaved
Q9P121	1	33	cleaved
P22749	1	22	cleaved
C9JL84	1	29	cleaved
P05546	1	19	cleaved
P48723	1	22	cleaved
A0A087WSY4	1	19	cleaved
P05013	1	20	cleaved
Q86SU0	1	23	cleaved
P19827	1	27	cleaved
Q14641	1	25	cleaved
O00292	1	21	cleaved
Q9P244	1	31	cleaved
Q6UWN0	1	26	cleaved
Q6UW63	1	19	cleaved
Q7Z4H8	1	20	cleaved
Q8NF86	1	22	cleaved
Q50LG9	1	20	cleaved
O95897	1	20	cleaved
Q96RQ9	1	21	cleaved
Q14982	1	27	cleaved
Q86YL7	1	22	cleaved
Q13219	1	22	cleaved
Q9UN73	1	29	cleaved
P04085	1	20	cleaved
O75594	1	21	cleaved
P11678	1	17	cleaved
Q9HCN3	1	34	cleaved
P01236	1	28	cleaved
Q7RTY9	1	19	cleaved
Q8IYP2	1	17	cleaved
Q00889	1	34	cleaved
O75023	1	23	cleaved
P01701	1	19	cleaved
Q9H3W5	1	22	cleaved
P39900	1	16	cleaved
Q8TD46	1	28	cleaved
Q15818	1	22	cleaved
P09923	1	19	cleaved
P08F94	1	23	cleaved
Q04118	1	16	cleaved
P98161	1	23	cleaved
P02790	1	23	cleaved
A0A0G2JMI3	1	19	cleaved
P05014	1	23	cleaved
P01563	1	23	cleaved
Q8WX77	1	25	cleaved
P17181	1	27	cleaved
Q6UX52	1	20	cleaved
P14778	1	17	cleaved
P05111	1	18	cleaved
P10997	1	22	cleaved
Q14954	1	21	cleaved
O95970	1	34	cleaved
Q5SZI1	1	25	cleaved
Q6UX82	1	19	cleaved
Q96NI6	1	17	cleaved
Q8WUJ1	1	22	cleaved
Q9P2S2	1	28	cleaved
P13727	1	16	cleaved
Q5FWE3	1	27	cleaved
Q8N135	1	19	cleaved
P24043	1	22	cleaved
O60500	1	22	cleaved
Q6P988	1	19	cleaved
Q9HDB5	1	35	cleaved
O95158	1	23	cleaved
Q6ZRI0	1	25	cleaved
Q6UX06	1	20	cleaved
Q17RF5	1	23	cleaved
Q9Y5F2	1	26	cleaved
Q9UHG2	1	33	cleaved
Q9UN72	1	29	cleaved
B3GLJ2	1	20	cleaved
P04054	1	15	cleaved
P07202	1	18	cleaved
Q9HCM2	1	23	cleaved
Q9Y5Y7	1	19	cleaved
Q9UKN1	1	16	cleaved
Q9HC84	1	25	cleaved
P52961	1	22	cleaved
O76036	1	21	cleaved
Q9H488	1	26	cleaved
Q9NRC9	1	17	cleaved
Q32P28	1	22	cleaved
Q68BL7	1	27	cleaved
Q9NY56	1	15	cleaved
P42785	1	21	cleaved
Q9Y5E5	1	27	cleaved
Q9Y5F0	1	28	cleaved
Q9Y5E2	1	26	cleaved
Q9Y5H3	1	32	cleaved
Q9Y5G0	1	30	cleaved
Q9UN71	1	30	cleaved
Q8NCC3	1	33	cleaved
Q9HC56	1	23	cleaved
P0C8F1	1	22	cleaved
Q8TBF5	1	21	cleaved
P01213	1	20	cleaved
Q6UWW0	1	20	cleaved
Q9UQV4	1	27	cleaved
P01714	1	20	cleaved
O14522	1	25	cleaved
P07988	1	24	cleaved
Q8N386	1	20	cleaved
Q9HBL6	1	27	cleaved
Q8NHJ6	1	21	cleaved
Q8NDX9	1	18	cleaved
Q8N1E2	1	19	cleaved
P98164	1	25	cleaved
A6NHS7	1	24	cleaved
P20916	1	19	cleaved
A6BM72	1	19	cleaved
O75200	1	18	cleaved
A6NFY4	1	24	cleaved
Q92859	1	33	cleaved
Q5H8A3	1	26	cleaved
Q04721	1	25	cleaved
Q14112	1	30	cleaved
Q9UKZ9	1	23	cleaved
P23219	1	23	cleaved
P20594	1	22	cleaved
P04746	1	15	cleaved
Q902F9	1	89	cleaved
Q6NT32	1	20	cleaved
Q8N7C0	1	23	cleaved
P01706	1	19	cleaved
Q9NS15	1	43	cleaved
P08949	1	24	cleaved
Q96PB7	1	23	cleaved
P55085	1	25	cleaved
Q13093	1	21	cleaved
P14555	1	20	cleaved
E2RYF7	1	22	cleaved
Q16549	1	37	cleaved
P16284	1	27	cleaved
Q13018	1	20	cleaved
Q99935	1	21	cleaved
A0A0C4DH43	1	19	cleaved
Q8WX39	1	15	cleaved
P0DP09	1	22	cleaved
Q2I0M4	1	26	cleaved
P48740	1	19	cleaved
O75095	1	30	cleaved
Q12866	1	20	cleaved
P08493	1	19	cleaved
O60487	1	26	cleaved
Q9H195	1	21	cleaved
P98088	1	27	cleaved
O15130	1	20	cleaved
Q969Y0	1	30	cleaved
Q9Y5H8	1	29	cleaved
P20142	1	16	cleaved
Q96FM1	1	20	cleaved
Q86WI0	1	20	cleaved
P04433	1	20	cleaved
P55082	1	18	cleaved
Q13361	1	21	cleaved
Q16653	1	29	cleaved
Q5JPE7	1	31	cleaved
Q9NPG4	1	24	cleaved
Q96QU1	1	26	cleaved
Q6UWI2	1	20	cleaved
P35354	1	17	cleaved
P51805	1	19	cleaved
Q9Y561	1	32	cleaved
Q86TE4	1	19	cleaved
Q96L15	1	22	cleaved
Q8N2Q7	1	45	cleaved
Q8N0W4	1	41	cleaved
Q7RTW8	1	22	cleaved
Q6GTS8	1	25	cleaved
Q13438	1	25	cleaved
Q9NRJ7	1	28	cleaved
A1E959	1	15	cleaved
Q9Y5E8	1	26	cleaved
Q9BXP8	1	22	cleaved
O00254	1	21	cleaved
Q9Y5I1	1	29	cleaved
Q9UN75	1	29	cleaved
Q9NRA1	1	22	cleaved
Q5R387	1	18	cleaved
Q8WXA2	1	21	cleaved
Q8NBR0	1	27	cleaved
Q969N2	1	21	cleaved
P10720	1	30	cleaved
Q96LB8	1	17	cleaved
P01602	1	22	cleaved
Q8N2G4	1	20	cleaved
Q17RR3	1	17	cleaved
Q9H8J5	1	26	cleaved
P20774	1	20	cleaved
P83859	1	18	cleaved
P39656	1	42	cleaved
P01127	1	20	cleaved
Q9UKJ0	1	19	cleaved
Q9NZV5	1	43	cleaved
Q8TCT7	1	25	cleaved
O94991	1	40	cleaved
P01241	1	26	cleaved
Q92537	1	39	cleaved
P23470	1	19	cleaved
O60895	1	42	cleaved
P0DMR2	1	23	cleaved
Q9BUD6	1	26	cleaved
P04090	1	24	cleaved
Q9BZR6	1	26	cleaved
P02743	1	19	cleaved
O95754	1	34	cleaved
Q08648	1	25	cleaved
Q15043	1	30	cleaved
O43490	1	19	cleaved
Q6PEW0	1	30	cleaved
Q9UQ74	1	34	cleaved
Q15109	1	22	cleaved
Q8NC42	1	32	cleaved
Q9HAT2	1	23	cleaved
Q2M3V2	1	17	cleaved
Q16378	1	16	cleaved
Q16849	1	34	cleaved
P62341	1	19	cleaved
P35247	1	20	cleaved
P23327	1	28	cleaved
Q96A28	1	18	cleaved
A0A0B4J235	1	21	cleaved
P58215	1	25	cleaved
O96009	1	25	cleaved
Q5VU65	1	35	cleaved
P02818	1	23	cleaved
A8MZH6	1	26	cleaved
Q6UWY5	1	28	cleaved
Q9Y5E4	1	30	cleaved
Q8N6Y1	1	60	cleaved
P15151	1	20	cleaved
Q9UBM4	1	19	cleaved
P23515	1	24	cleaved
Q99983	1	20	cleaved
P30101	1	24	cleaved
Q9Y5G6	1	28	cleaved
Q9H158	1	18	cleaved
Q9Y5F8	1	30	cleaved
P01298	1	29	cleaved
Q9Y5H5	1	29	cleaved
Q8NBP7	1	30	cleaved
P22079	1	26	cleaved
O43157	1	19	cleaved
P01270	1	25	cleaved
P11465	1	34	cleaved
A1KZ92	1	23	cleaved
Q12907	1	44	cleaved
P31025	1	18	cleaved
Q9H0U3	1	29	cleaved
Q16674	1	24	cleaved
P11717	1	40	cleaved
P43121	1	23	cleaved
Q15223	1	30	cleaved
Q9HAT1	1	25	cleaved
A0A075B6K4	1	19	cleaved
Q13477	1	18	cleaved
Q9BQ51	1	19	cleaved
P80108	1	23	cleaved
Q8N131	1	26	cleaved
P21810	1	16	cleaved
Q96JA1	1	34	cleaved
A0A075B6J2	1	19	cleaved
Q96QH8	1	21	cleaved
Q6Q8B3	1	23	cleaved
O14931	1	18	cleaved
P01303	1	28	cleaved
O94856	1	24	cleaved
Q4KMZ8	1	21	cleaved
O15399	1	27	cleaved
Q92626	1	26	cleaved
A0A075B6J6	1	20	cleaved
A0A075B6I1	1	21	cleaved
P22894	1	20	cleaved
Q9BUN1	1	23	cleaved
Q5JXM2	1	29	cleaved
Q8IYJ0	1	31	cleaved
P09619	1	32	cleaved
P10696	1	19	cleaved
Q92932	1	21	cleaved
Q7L985	1	27	cleaved
Q8WWY8	1	18	cleaved
Q9NQ76	1	17	cleaved
O60486	1	34	cleaved
Q7Z736	1	18	cleaved
O95460	1	18	cleaved
Q9ULC0	1	18	cleaved
Q99435	1	21	cleaved
Q99784	1	16	cleaved
Q05586	1	18	cleaved
Q8NET5	1	42	cleaved
Q6UY27	1	26	cleaved
Q8NBM8	1	22	cleaved
O15496	1	31	cleaved
Q6UXB8	1	27	cleaved
Q5VY43	1	20	cleaved
Q9HBX8	1	24	cleaved
Q8N6C8	1	23	cleaved
Q13449	1	28	cleaved
P06858	1	27	cleaved
Q9Y5F1	1	26	cleaved
Q9Y5E1	1	26	cleaved
Q9Y5G8	1	29	cleaved
P39877	1	20	cleaved
Q9UHG3	1	27	cleaved
Q9UIW2	1	26	cleaved
Q9NRI6	1	18	cleaved
P78509	1	25	cleaved
Q6NW40	1	45	cleaved
P49257	1	30	cleaved
A0A0B4J1Y8	1	19	cleaved
A0A075B6P5	1	19	cleaved
Q5VYJ5	1	31	cleaved
A0A1B0GUY1	1	20	cleaved
Q92832	1	21	cleaved
O95428	1	18	cleaved
Q9HC23	1	27	cleaved
Q13046	1	34	cleaved
A0A0B4J1X8	1	19	cleaved
Q6ZMJ4	1	20	cleaved
P01566	1	23	cleaved
Q01113	1	40	cleaved
Q8TAD2	1	15	cleaved
Q5DX21	1	22	cleaved
Q9UMF0	1	31	cleaved
Q14773	1	22	cleaved
Q9GZX6	1	33	cleaved
Q9NPF7	1	19	cleaved
Q8NEV9	1	28	cleaved
P38570	1	18	cleaved
P06312	1	20	cleaved
A0A0A0MS00	1	19	cleaved
Q7Z4F1	1	16	cleaved
Q96Q04	1	20	cleaved
Q9BRK3	1	19	cleaved
P25189	1	29	cleaved
P01593	1	22	cleaved
Q99538	1	17	cleaved
A0A075B6I0	1	24	cleaved
Q7Z2Q7	1	31	cleaved
P01138	1	18	cleaved
Q8NC67	1	22	cleaved
Q16620	1	31	cleaved
Q9UMR5	1	27	cleaved
Q8TB73	1	19	cleaved
Q9BZA7	1	23	cleaved
Q9NZ20	1	19	cleaved
Q92824	1	32	cleaved
P20742	1	25	cleaved
Q16769	1	28	cleaved
Q86UN3	1	46	cleaved
Q01973	1	29	cleaved
Q9GZU5	1	23	cleaved
Q6P4A8	1	38	cleaved
P13686	1	21	cleaved
P53801	1	32	cleaved
P10745	1	17	cleaved
P02753	1	18	cleaved
P14543	1	28	cleaved
Q13162	1	37	cleaved
Q8N3Z0	1	16	cleaved
Q86SH4	1	18	cleaved
P04070	1	18	cleaved
Q00888	1	34	cleaved
Q9HD43	1	27	cleaved
Q99969	1	20	cleaved
P10153	1	27	cleaved
A0A0A0MRZ8	1	20	cleaved
A0A0C4DH67	1	20	cleaved
P01615	1	19	cleaved
H3BQJ8	1	16	cleaved
Q2M385	1	17	cleaved
O15146	1	23	cleaved
P50897	1	27	cleaved
Q86UE6	1	34	cleaved
O00187	1	15	cleaved
P0C0P6	1	23	cleaved
P29120	1	27	cleaved
Q86XR5	1	35	cleaved
Q13308	1	30	cleaved
P01715	1	20	cleaved
A0A0B4J1U3	1	19	cleaved
O43653	1	11	cleaved
Q8IVL6	1	20	cleaved
Q14554	1	21	cleaved
O60245	1	28	cleaved
P05121	1	23	cleaved
P02776	1	31	cleaved
Q15063	1	21	cleaved
P02810	1	16	cleaved
Q14766	1	23	cleaved
Q9UJH8	1	23	cleaved
Q9H239	1	22	cleaved
Q12879	1	22	cleaved
Q16819	1	21	cleaved
Q14696	1	33	cleaved
Q8TAX7	1	22	cleaved
Q96B86	1	47	cleaved
Q86WI1	1	20	cleaved
Q53H76	1	25	cleaved
O60542	1	21	cleaved
P00797	1	23	cleaved
Q8N7C7	1	34	cleaved
Q15293	1	29	cleaved
Q86WC4	1	31	cleaved
Q15084	1	19	cleaved
Q9UN70	1	31	cleaved
Q9BZM1	1	22	cleaved
P16234	1	23	cleaved
Q6PEZ8	1	26	cleaved
O00168	1	20	cleaved
Q16557	1	34	cleaved
P11279	1	28	cleaved
Q9UJQ1	1	29	cleaved
Q9BTN0	1	16	cleaved
Q8N2S1	1	27	cleaved
Q9BY71	1	32	cleaved
Q71RS6	1	29	cleaved
Q9Y5G7	1	29	cleaved
Q9Y5F7	1	29	cleaved
O95206	1	29	cleaved
Q92954	1	24	cleaved
Q9HBJ0	1	22	cleaved
P56730	1	20	cleaved
O95631	1	24	cleaved
P18509	1	24	cleaved
O14917	1	17	cleaved
Q9UKJ1	1	19	cleaved
Q15198	1	21	cleaved
P01210	1	24	cleaved
Q6JVE6	1	19	cleaved
A0A087WSX0	1	19	cleaved
P45452	1	19	cleaved
Q9H3R2	1	18	cleaved
Q9HB63	1	18	cleaved
P20783	1	18	cleaved
P16112	1	16	cleaved
P05186	1	17	cleaved
Q9UIG4	1	22	cleaved
P16471	1	24	cleaved
P51888	1	20	cleaved
A4D1T9	1	19	cleaved
P07225	1	24	cleaved
Q96D15	1	20	cleaved
Q9ULK6	1	34	cleaved
Q9H6Y7	1	24	cleaved
P29122	1	63	cleaved
Q96JQ0	1	42	cleaved
P00747	1	19	cleaved
P11117	1	30	cleaved
Q5R3F8	1	22	cleaved
Q504Y2	1	32	cleaved
O60449	1	27	cleaved
P80188	1	20	cleaved
Q12889	1	21	cleaved
Q9NZQ7	1	18	cleaved
Q8NBL1	1	23	cleaved
Q9BSG0	1	21	cleaved
A1L453	1	32	cleaved
C9JH25	1	23	cleaved
P0CW18	1	19	cleaved
A0A1B0GVH4	1	16	cleaved
Q6UWB4	1	18	cleaved
P0DJD9	1	15	cleaved
O60568	1	24	cleaved
Q6UWY2	1	31	cleaved
Q15238	1	34	cleaved
O00391	1	29	cleaved
Q6X4U4	1	23	cleaved
P51571	1	23	cleaved
Q86XT9	1	38	cleaved
Q8TEB7	1	38	cleaved
Q99523	1	33	cleaved
O60279	1	35	cleaved
O43493	1	21	cleaved
Q9NR97	1	26	cleaved
P49763	1	18	cleaved
Q8TEM1	1	26	cleaved
Q96NZ9	1	20	cleaved
P04156	1	22	cleaved
O95084	1	19	cleaved
Q9UKY0	1	25	cleaved
Q9BQR3	1	22	cleaved
Q2L4Q9	1	23	cleaved
P34096	1	28	cleaved
Q14563	1	20	cleaved
Q8N474	1	31	cleaved
Q5T4F7	1	29	cleaved
P10124	1	27	cleaved
O60687	1	23	cleaved
Q03167	1	20	cleaved
P48307	1	22	cleaved
Q6ZP80	1	26	cleaved
P23469	1	19	cleaved
Q9UBV2	1	21	cleaved
Q9HCB6	1	28	cleaved
Q4G0T1	1	19	cleaved
Q5BIV9	1	24	cleaved
Q9UGT4	1	27	cleaved
Q00604	1	24	cleaved
Q8NHP8	1	41	cleaved
Q03431	1	26	cleaved
Q9Y3P8	1	24	cleaved
O00241	1	29	cleaved
Q96LR4	1	35	cleaved
P0C6S8	1	24	cleaved
A0A0C4DH55	1	23	cleaved
A6NJW4	1	41	cleaved
A0A075B6K6	1	19	cleaved
P34130	1	24	cleaved
Q7Z5B4	1	28	cleaved
Q9HBV2	1	29	cleaved
Q9P0V8	1	22	cleaved
Q8TER0	1	24	cleaved
Q92729	1	18	cleaved
Q86UN2	1	24	cleaved
Q01974	1	33	cleaved
Q5VYX0	1	17	cleaved
Q5GAN6	1	26	cleaved
Q9HCK4	1	21	cleaved
Q96DX4	1	16	cleaved
O15041	1	25	cleaved
Q8IWY4	1	23	cleaved
Q6UW49	1	19	cleaved
Q9H156	1	21	cleaved
Q5TF21	1	21	cleaved
P03973	1	25	cleaved
Q5VX71	1	41	cleaved
P20062	1	18	cleaved
Q9Y4C0	1	27	cleaved
O95157	1	22	cleaved
Q9NZ53	1	32	cleaved
Q15113	1	25	cleaved
P07585	1	16	cleaved
Q16651	1	29	cleaved
Q6ISU1	1	23	cleaved
P28827	1	20	cleaved
Q13296	1	18	cleaved
Q6UW10	1	19	cleaved
Q15465	1	23	cleaved
B8ZZ34	1	38	cleaved
P01242	1	26	cleaved
Q9NWH7	1	20	cleaved
Q96RL6	1	27	cleaved
P43307	1	18	cleaved
P17900	1	23	cleaved
O75711	1	20	cleaved
Q13591	1	22	cleaved
Q96HF1	1	24	cleaved
P78324	1	30	cleaved
Q3SXP7	1	25	cleaved
A6NGZ8	1	26	cleaved
O94933	1	26	cleaved
Q9ULL4	1	44	cleaved
Q9UMZ3	1	35	cleaved
Q9H3S1	1	32	cleaved
Q6FHJ7	1	18	cleaved
Q9UPU3	1	33	cleaved
P20933	1	23	cleaved
P58335	1	33	cleaved
P12644	1	19	cleaved
P59826	1	20	cleaved
Q9Y258	1	23	cleaved
P13500	1	23	cleaved
Q96L12	1	19	cleaved
O75871	1	35	cleaved
Q9NPY3	1	21	cleaved
Q3KPI0	1	34	cleaved
O43866	1	19	cleaved
P33681	1	34	cleaved
P01732	1	21	cleaved
O76076	1	23	cleaved
Q96JP9	1	19	cleaved
A8K7I4	1	21	cleaved
P39060	1	23	cleaved
O00175	1	26	cleaved
Q8N7Q2	1	23	cleaved
Q9HCU4	1	31	cleaved
Q15782	1	26	cleaved
P02747	1	28	cleaved
P48745	1	31	cleaved
A6NMZ7	1	19	cleaved
Q99217	1	16	cleaved
Q8IZF6	1	27	cleaved
Q8TE57	1	24	cleaved
O00481	1	29	cleaved
A6NE02	1	28	cleaved
P23435	1	21	cleaved
Q9HBW9	1	19	cleaved
Q9BPW4	1	21	cleaved
P06727	1	20	cleaved
Q8NI99	1	20	cleaved
O15123	1	18	cleaved
Q6UY14	1	24	cleaved
P59827	1	18	cleaved
Q8NFQ5	1	18	cleaved
P23560	1	18	cleaved
Q6UWJ8	1	29	cleaved
A0A1B0GVN3	1	20	cleaved
P13236	1	23	cleaved
O14958	1	19	cleaved
Q9HCU0	1	17	cleaved
P07766	1	22	cleaved
P14091	1	19	cleaved
P41180	1	19	cleaved
Q01151	1	19	cleaved
Q7Z5L3	1	21	cleaved
P07339	1	20	cleaved
P08571	1	19	cleaved
O95389	1	23	cleaved
Q6ZU45	1	20	cleaved
Q9BYF1	1	17	cleaved
P43681	1	28	cleaved
Q9UM73	1	18	cleaved
Q96K78	1	26	cleaved
Q8N6G6	1	28	cleaved
P50895	1	31	cleaved
P35070	1	31	cleaved
Q9UBR2	1	23	cleaved
Q9BXJ1	1	25	cleaved
P06881	1	25	cleaved
Q9NPF0	1	35	cleaved
P13671	1	21	cleaved
O95841	1	23	cleaved
P12645	1	22	cleaved
O00478	1	29	cleaved
P15169	1	20	cleaved
Q9Y6N8	1	22	cleaved
Q2WEN9	1	20	cleaved
A0A0K2S4Q6	1	24	cleaved
Q9UQC9	1	31	cleaved
P08572	1	25	cleaved
Q8IZP9	1	37	cleaved
Q86VB7	1	41	cleaved
Q76M96	1	21	cleaved
Q9UI42	1	16	cleaved
Q16568	1	27	cleaved
P04003	1	48	cleaved
P13987	1	25	cleaved
O95813	1	17	cleaved
P02461	1	23	cleaved
Q70Z44	1	24	cleaved
C9JUS6	1	18	cleaved
P13497	1	22	cleaved
O95971	1	24	cleaved
A8MVZ5	1	26	cleaved
Q9HBT6	1	34	cleaved
Q9GZZ6	1	24	cleaved
Q9BRR6	1	22	cleaved
P17342	1	26	cleaved
Q6UXE8	1	17	cleaved
Q13634	1	24	cleaved
Q9Y4X3	1	24	cleaved
Q9H251	1	23	cleaved
P56202	1	21	cleaved
P08185	1	22	cleaved
P04217	1	21	cleaved
P30926	1	21	cleaved
P51689	1	33	cleaved
P82987	1	26	cleaved
Q8NFQ6	1	23	cleaved
Q7Z5Y6	1	19	cleaved
P16278	1	23	cleaved
Q8N4T0	1	30	cleaved
P30988	1	24	cleaved
P00736	1	17	cleaved
Q6NT52	1	18	cleaved
A6NJW9	1	18	cleaved
Q9Y6N3	1	20	cleaved
Q8IZF5	1	25	cleaved
Q6Q788	1	23	cleaved
O95393	1	21	cleaved
Q9BWV1	1	30	cleaved
Q13145	1	20	cleaved
Q9Y5Z0	1	20	cleaved
P33151	1	25	cleaved
P14384	1	17	cleaved
Q6UXA7	1	26	cleaved
Q5VXM1	1	22	cleaved
Q06481	1	31	cleaved
Q6HA08	1	23	cleaved
Q86WA6	1	37	cleaved
P22004	1	20	cleaved
P35613	1	21	cleaved
P61769	1	20	cleaved
Q8NHW4	1	23	cleaved
Q99616	1	16	cleaved
Q6UXH8	1	34	cleaved
P08217	1	16	cleaved
P32248	1	24	cleaved
P05067	1	17	cleaved
P02652	1	18	cleaved
O75882	1	28	cleaved
O95450	1	29	cleaved
Q8N8U9	1	39	cleaved
Q86Y29	1	17	cleaved
P56817	1	21	cleaved
Q6NSX1	1	32	cleaved
O75973	1	16	cleaved
Q8NER5	1	20	cleaved
Q96PE1	1	33	cleaved
P15514	1	19	cleaved
Q9BQP9	1	21	cleaved
Q6UX41	1	17	cleaved
P55289	1	23	cleaved
P48052	1	18	cleaved
O75309	1	18	cleaved
Q86UP0	1	19	cleaved
Q9Y646	1	20	cleaved
Q8N3J6	1	24	cleaved
P78325	1	16	cleaved
O75173	1	51	cleaved
P78410	1	29	cleaved
P55287	1	22	cleaved
Q5VU97	1	35	cleaved
Q9Y653	1	25	cleaved
A6NF34	1	27	cleaved
O95972	1	18	cleaved
P12830	1	22	cleaved
Q9BZW8	1	21	cleaved
P26842	1	19	cleaved
Q5ZPR3	1	28	cleaved
P34810	1	21	cleaved
P42081	1	23	cleaved
P02708	1	20	cleaved
Q04844	1	20	cleaved
P28335	1	32	cleaved
P10323	1	19	cleaved
O94910	1	24	cleaved
Q76LX8	1	29	cleaved
Q96DR5	1	18	cleaved
Q8IVL8	1	20	cleaved
P47710	1	15	cleaved
P01730	1	25	cleaved
P0DN87	1	20	cleaved
Q15825	1	25	cleaved
Q6UXT9	1	23	cleaved
P48960	1	20	cleaved
Q13510	1	21	cleaved
Q96HA4	1	18	cleaved
Q99218	1	16	cleaved
P19961	1	15	cleaved
P17405	1	46	cleaved
P31415	1	34	cleaved
Q4KMG0	1	25	cleaved
Q9NQ60	1	14	cleaved
P04066	1	31	cleaved
P13284	1	26	cleaved
Q6MZM0	1	24	cleaved
P32927	1	16	cleaved
P15814	1	37	cleaved
O14498	1	18	cleaved
P24592	1	27	cleaved
Q1W4C9	1	23	cleaved
Q8NAC3	1	20	cleaved
Q06136	1	25	cleaved
P01023	1	23	cleaved
Q8WXG9	1	29	cleaved
P08519	1	19	cleaved
Q86TH1	1	22	cleaved
O43921	1	24	cleaved
P19957	1	22	cleaved
P10321	1	24	cleaved
Q92743	1	22	cleaved
Q04756	1	35	cleaved
P48357	1	21	cleaved
P0DP02	1	19	cleaved
A0A0C4DH35	1	19	cleaved
Q6GPH6	1	24	cleaved
P38571	1	27	cleaved
P0DTE8	1	15	cleaved
Q9UHI8	1	49	cleaved
P29323	1	18	cleaved
Q902F8	1	89	cleaved
Q6UWW8	1	26	cleaved
O60609	1	31	cleaved
Q9UJJ9	1	24	cleaved
Q16478	1	14	cleaved
P00739	1	18	retained
Q12794	1	21	cleaved
Q9NQ38	1	22	cleaved
Q6UY18	1	28	cleaved
P22303	1	31	cleaved
Q9Y680	1	23	cleaved
Q8WWV6	1	16	cleaved
Q9Y219	1	23	cleaved
P43628	1	21	cleaved
P21589	1	26	cleaved
Q8IUX7	1	25	cleaved
O14791	1	27	cleaved
Q8NBQ5	1	19	cleaved
Q8NDZ4	1	35	cleaved
Q9Y6X5	1	15	cleaved
Q96PL5	1	29	cleaved
Q6UW88	1	22	cleaved
P02771	1	18	cleaved
Q6BAA4	1	17	cleaved
O60565	1	24	cleaved
P23416	1	27	cleaved
Q9H013	1	25	cleaved
O14514	1	30	cleaved
Q86SQ4	1	37	cleaved
P01160	1	25	cleaved
P54793	1	22	cleaved
P06865	1	22	cleaved
P01763	1	19	cleaved
A0A0B4J1V6	1	19	cleaved
P05107	1	22	cleaved
Q8TBQ9	1	26	cleaved
Q9UEF7	1	33	cleaved
O60259	1	28	cleaved
Q1ZYL8	1	15	cleaved
Q6P093	1	18	cleaved
P52803	1	20	cleaved
Q96MK3	1	33	cleaved
Q8N441	1	24	cleaved
Q08830	1	22	cleaved
O00222	1	33	cleaved
Q9BQS7	1	23	cleaved
Q71H61	1	20	cleaved
Q9BZV3	1	22	cleaved
Q5VWK5	1	23	cleaved
Q9UGM1	1	25	cleaved
Q16671	1	17	cleaved
Q15375	1	27	cleaved
A8MWY0	1	47	cleaved
P08709	1	20	cleaved
P29317	1	23	cleaved
Q14517	1	21	cleaved
O95866	1	17	cleaved
Q96T91	1	23	cleaved
Q8TDQ0	1	21	cleaved
Q9ULI3	1	29	cleaved
P17693	1	24	cleaved
Q9NP60	1	16	cleaved
Q15822	1	26	cleaved
Q8IZF3	1	21	cleaved
O43323	1	22	cleaved
Q7Z5J1	1	15	cleaved
Q08554	1	29	cleaved
O60883	1	25	cleaved
Q99988	1	29	cleaved
P42261	1	18	cleaved
P12821	1	29	cleaved
P35858	1	27	cleaved
O60242	1	24	cleaved
O75129	1	49	cleaved
Q9H1M3	1	19	cleaved
Q96HY6	1	28	cleaved
P06340	1	25	cleaved
Q9NRM1	1	39	cleaved
P54762	1	17	cleaved
Q9NZH0	1	28	cleaved
O14672	1	19	cleaved
Q6UXC1	1	22	cleaved
Q9UBX1	1	19	cleaved
Q9NYQ7	1	32	cleaved
P40259	1	28	cleaved
Q9H5V8	1	29	cleaved
Q13740	1	27	cleaved
P15813	1	19	cleaved
C9JXX5	1	30	cleaved
Q9Y2B0	1	20	cleaved
Q9H0B8	1	22	cleaved
P39059	1	27	cleaved
Q86XM0	1	20	cleaved
Q5W186	1	28	cleaved
Q9H112	1	26	cleaved
Q01523	1	19	cleaved
P01920	1	32	cleaved
Q30154	1	29	cleaved
P28039	1	23	cleaved
O15072	1	20	cleaved
Q6ZMM2	1	42	cleaved
Q15582	1	23	cleaved
Q86Y27	1	17	cleaved
Q86Y28	1	17	cleaved
Q8WV48	1	24	cleaved
Q9NR16	1	40	cleaved
P27797	1	17	cleaved
Q9BRK5	1	36	cleaved
P16870	1	25	cleaved
Q9ULB4	1	21	cleaved
Q9BXJ5	1	15	cleaved
P26992	1	22	cleaved
P12110	1	20	cleaved
Q9P232	1	19	cleaved
P25940	1	29	cleaved
Q9H7Y0	1	31	cleaved
O94919	1	21	cleaved
Q8J025	1	26	cleaved
P51693	1	38	cleaved
Q2M2E5	1	19	cleaved
P10747	1	18	cleaved
A5D8T8	1	26	cleaved
A6NNL5	1	26	cleaved
Q96MU5	1	19	cleaved
Q15828	1	28	cleaved
Q9H4B8	1	35	cleaved
P43652	1	21	cleaved
Q8TE60	1	47	cleaved
Q13873	1	26	cleaved
P55290	1	22	cleaved
Q9NRJ3	1	19	cleaved
O15444	1	23	cleaved
P20851	1	17	cleaved
P06127	1	24	cleaved
Q9UKY3	1	18	cleaved
Q8WZ79	1	27	cleaved
Q6PKH6	1	20	cleaved
O75356	1	24	cleaved
P08246	1	27	cleaved
Q9UKJ8	1	31	cleaved
Q9BXN1	1	14	cleaved
Q5T4W7	1	39	cleaved
P15289	1	18	cleaved
Q86Y30	1	17	cleaved
Q9H6E4	1	22	cleaved
Q9ULX7	1	15	cleaved
Q8WWF1	1	16	cleaved
P40198	1	34	cleaved
P25101	1	20	cleaved
P52797	1	22	cleaved
P43235	1	15	cleaved
P06731	1	34	cleaved
O75493	1	23	cleaved
Q96S66	1	18	cleaved
Q9UK85	1	30	cleaved
Q9Y2G8	1	25	cleaved
P32926	1	23	cleaved
P51690	1	31	cleaved
Q92485	1	18	cleaved
O15467	1	23	cleaved
P15088	1	15	cleaved
F5H4A9	1	35	cleaved
Q7Z3S7	1	19	cleaved
P13688	1	34	cleaved
Q496F6	1	17	cleaved
Q9UHC6	1	27	cleaved
P49747	1	20	cleaved
P01189	1	26	cleaved
Q9Y215	1	22	cleaved
Q96HD1	1	29	cleaved
P02775	1	34	cleaved
Q96PD2	1	66	cleaved
P01008	1	32	cleaved
P02656	1	20	cleaved
A0A1B0GVG4	1	42	cleaved
Q9BQI4	1	21	cleaved
Q9BXJ3	1	16	cleaved
P53420	1	38	cleaved
O00230	1	18	cleaved
Q9H3Y0	1	24	cleaved
A4D0V7	1	34	cleaved
Q6GPI1	1	18	cleaved
Q9H4G1	1	28	cleaved
Q8NFT8	1	34	cleaved
P28067	1	26	cleaved
P08697	1	27	cleaved
Q86TW2	1	17	cleaved
O43506	1	31	cleaved
O00626	1	24	cleaved
Q12864	1	22	cleaved
Q16627	1	19	cleaved
P19022	1	25	cleaved
P08311	1	18	cleaved
P30203	1	17	cleaved
Q99467	1	23	cleaved
Q6YHK3	1	21	cleaved
P20963	1	21	cleaved
P08123	1	22	cleaved
Q9BZ76	1	25	cleaved
Q9UBD9	1	27	cleaved
A8K4G0	1	17	cleaved
Q02413	1	23	cleaved
Q9UKF2	1	27	cleaved
Q6UWY0	1	22	cleaved
A8MTB9	1	30	cleaved
Q86SI9	1	35	cleaved
P15391	1	19	cleaved
P02462	1	27	cleaved
P10909	1	22	cleaved
Q8TAV5	1	22	cleaved
Q9H6B4	1	18	cleaved
Q6UXG3	1	18	cleaved
Q14406	1	26	cleaved
Q0P5P2	1	18	cleaved
P82279	1	25	cleaved
Q14118	1	29	cleaved
O00548	1	17	cleaved
P20848	1	21	cleaved
P19021	1	20	cleaved
Q6UX46	1	24	cleaved
Q9UKU9	1	22	cleaved
Q2VPA4	1	32	cleaved
Q9UJ94	1	30	cleaved
P42830	1	36	cleaved
P40313	1	18	cleaved
Q8IZN7	1	26	cleaved
Q5W188	1	28	cleaved
Q5J5C9	1	15	cleaved
P19235	1	24	cleaved
Q9UHF1	1	23	cleaved
Q8WUF8	1	18	cleaved
O95967	1	25	cleaved
Q13705	1	18	cleaved
Q9HBJ8	1	14	cleaved
Q02246	1	30	cleaved
Q14031	1	22	cleaved
Q08708	1	20	cleaved
Q8IZC6	1	41	cleaved
O75629	1	31	cleaved
P17538	1	18	cleaved
Q6ZRH7	1	35	cleaved
O94985	1	28	cleaved
Q16832	1	21	cleaved
P01909	1	23	cleaved
Q69384	1	89	cleaved
P21709	1	25	cleaved
Q96BQ1	1	25	cleaved
Q9Y6R7	1	23	cleaved
Q9GZV9	1	24	cleaved
Q8TDW7	1	32	cleaved
P21781	1	31	cleaved
Q86WK7	1	19	cleaved
Q9UKF5	1	18	cleaved
O00238	1	13	cleaved
P20160	1	19	cleaved
P22362	1	23	cleaved
P78556	1	26	cleaved
Q7Z692	1	32	cleaved
P00751	1	25	cleaved
P0CG36	1	25	cleaved
Q9H2X0	1	26	cleaved
Q16880	1	20	cleaved
Q86T13	1	21	cleaved
Q8NCF0	1	26	cleaved
Q14CN2	1	21	cleaved
O94779	1	18	cleaved
Q96KC8	1	47	cleaved
Q9UNE0	1	26	cleaved
P20827	1	18	cleaved
P56851	1	25	cleaved
P02749	1	19	cleaved
Q8WYK1	1	24	cleaved
Q9H1M4	1	20	cleaved
Q7Z5P4	1	19	cleaved
O43854	1	23	cleaved
Q96LA5	1	19	cleaved
Q9BXR6	1	18	cleaved
P02679	1	26	cleaved
Q06828	1	18	cleaved
P36888	1	26	cleaved
P01350	1	21	cleaved
P28472	1	25	cleaved
Q76B58	1	33	cleaved
I3L3R5	1	23	cleaved
Q6UW01	1	32	cleaved
Q9NZP8	1	35	cleaved
P60827	1	17	cleaved
P08603	1	18	cleaved
Q8TCZ2	1	25	cleaved
A6NKQ9	1	50	cleaved
Q99674	1	19	cleaved
Q30KQ5	1	27	cleaved
Q6UY11	1	26	cleaved
P20036	1	28	cleaved
P61550	1	38	cleaved
P98172	1	27	cleaved
Q9UJA9	1	24	cleaved
P01588	1	27	cleaved
P0C091	1	30	cleaved
Q9H0Q3	1	18	cleaved
Q9Y264	1	24	cleaved
O60911	1	17	cleaved
P25774	1	16	cleaved
Q9BXJ4	1	22	cleaved
P22748	1	18	cleaved
P0C854	1	23	cleaved
Q9P2N4	1	18	cleaved
Q9UNA0	1	16	cleaved
P80075	1	23	cleaved
P07498	1	20	cleaved
P27824	1	20	cleaved
B2RNN3	1	19	cleaved
Q6UY09	1	30	cleaved
Q8WUJ3	1	30	cleaved
Q6ZRZ4	1	20	cleaved
P02452	1	22	cleaved
P20849	1	23	cleaved
P81605	1	19	cleaved
P12838	1	19	cleaved
P60022	1	21	cleaved
Q13822	1	27	cleaved
Q9UGM5	1	15	cleaved
Q5T1H1	1	21	cleaved
O15520	1	37	cleaved
P35556	1	28	cleaved
P31994	1	42	cleaved
O76093	1	27	cleaved
P36980	1	18	cleaved
Q9HCT0	1	22	cleaved
P21802	1	21	cleaved
Q5FYB1	1	23	cleaved
Q6UXF7	1	26	cleaved
Q15846	1	20	cleaved
Q30KQ4	1	23	cleaved
Q9NYJ7	1	26	cleaved
A0A1B0GTR0	1	23	cleaved
Q86SJ6	1	23	cleaved
P0C7U0	1	27	cleaved
P03951	1	18	cleaved
Q96PJ5	1	19	cleaved
P0C0L5	1	19	cleaved
Q05707	1	28	cleaved
Q7Z4B0	1	29	cleaved
Q8IZJ3	1	25	cleaved
P02741	1	18	cleaved
Q6WN34	1	25	cleaved
Q07325	1	22	cleaved
Q6UXB2	1	21	cleaved
Q9UM22	1	37	cleaved
P01225	1	18	cleaved
P24046	1	21	cleaved
P36544	1	22	cleaved
P46098	1	23	cleaved
Q8TC27	1	16	cleaved
Q8WXS8	1	22	cleaved
P27658	1	27	cleaved
Q86UP6	1	24	cleaved
Q30KQ7	1	16	cleaved
Q30KP9	1	24	cleaved
Q8NES8	1	22	cleaved
P59665	1	19	cleaved
Q9UBP4	1	21	cleaved
Q4G0M1	1	28	cleaved
O60667	1	17	cleaved
Q96HE7	1	23	cleaved
Q9NYQ8	1	18	cleaved
P48060	1	21	cleaved
Q9GZZ7	1	20	cleaved
Q7Z4P5	1	19	cleaved
Q8NI17	1	19	cleaved
Q8IYD9	1	31	cleaved
P01567	1	23	cleaved
Q9H665	1	22	cleaved
Q9UHF4	1	29	cleaved
P30040	1	32	cleaved
Q9NYM4	1	16	cleaved
Q9BXW7	1	23	cleaved
P41594	1	20	cleaved
P13747	1	21	cleaved
P60568	1	20	cleaved
P01574	1	21	cleaved
Q6UWQ7	1	25	cleaved
Q6B9Z1	1	19	cleaved
Q9P0M4	1	18	cleaved
A6NGN9	1	30	cleaved
P18510	1	25	cleaved
Q9HBE5	1	19	cleaved
Q6GTX8	1	21	cleaved
Q8NFM7	1	16	cleaved
Q14626	1	22	cleaved
A6ND01	1	19	cleaved
Q8NHK3	1	21	cleaved
Q14952	1	21	cleaved
A0A0G2JS06	1	19	cleaved
P55145	1	24	cleaved
Q9Y5R2	1	52	cleaved
P08581	1	24	cleaved
Q86YB8	1	33	cleaved
P02724	1	19	cleaved
Q9Y625	1	23	cleaved
Q02747	1	21	cleaved
Q16661	1	26	cleaved
Q8WWU7	1	26	cleaved
P23352	1	24	cleaved
Q86UK5	1	26	cleaved
A0A1B0GTW7	1	20	cleaved
P04211	1	19	cleaved
P01699	1	19	cleaved
P24347	1	31	cleaved
Q9H8H3	1	29	cleaved
P00748	1	19	cleaved
Q9NPG1	1	22	cleaved
Q6UWK7	1	24	cleaved
Q16099	1	20	cleaved
Q9NPR9	1	32	cleaved
P51654	1	24	cleaved
Q92896	1	29	cleaved
A0A0B4J1X5	1	19	cleaved
A0A0A0MS15	1	19	cleaved
Q6EBC2	1	23	cleaved
Q14623	1	27	cleaved
P24394	1	25	cleaved
P01591	1	22	cleaved
Q17R60	1	20	cleaved
A6NJ69	1	30	cleaved
Q99665	1	23	cleaved
Q9BX67	1	31	cleaved
P55103	1	18	cleaved
Q15726	1	19	cleaved
O43240	1	30	cleaved
Q14392	1	19	cleaved
Q14210	1	20	cleaved
P14151	1	28	cleaved
Q04771	1	20	cleaved
P0DTE1	1	19	cleaved
P06331	1	26	cleaved
Q6H9L7	1	26	cleaved
Q9UBX7	1	50	cleaved
A0A075B6K0	1	19	cleaved
P16109	1	41	cleaved
O60882	1	22	cleaved
Q6UW56	1	30	cleaved
O95445	1	22	retained
Q8IWF2	1	26	cleaved
Q9Y581	1	20	cleaved
P09529	1	28	cleaved
P0DP58	1	20	cleaved
P01229	1	20	cleaved
Q96KX0	1	19	cleaved
Q5T601	1	19	cleaved
P16066	1	32	cleaved
P29322	1	27	cleaved
P48167	1	22	cleaved
P07686	1	42	cleaved
P06756	1	30	cleaved
P07288	1	17	cleaved
A0A0C4DH73	1	22	cleaved
P01611	1	22	cleaved
A0A075B6H9	1	20	cleaved
A0A075B6I3	1	19	cleaved
Q8NAU1	1	31	cleaved
Q53RD9	1	24	cleaved
P02765	1	18	cleaved
O60258	1	22	cleaved
O00144	1	22	cleaved
P48169	1	35	cleaved
P07093	1	19	cleaved
P15421	1	19	cleaved
O75311	1	33	cleaved
O14960	1	18	cleaved
A0A075B6S5	1	22	cleaved
Q9H306	1	17	cleaved
Q9H8L6	1	22	cleaved
P59646	1	20	cleaved
Q6UXV0	1	18	cleaved
Q8IU54	1	19	cleaved
P24001	1	30	cleaved
P01568	1	23	cleaved
Q14627	1	26	cleaved
P08833	1	25	cleaved
P57087	1	28	cleaved
P13612	1	33	cleaved
O75022	1	23	cleaved
Q17R55	1	17	cleaved
O95479	1	19	cleaved
Q96QV1	1	17	cleaved
Q9Y251	1	35	cleaved
P08700	1	19	cleaved
P01569	1	21	cleaved
Q13478	1	18	cleaved
P48551	1	26	cleaved
P32942	1	29	cleaved
P08476	1	20	cleaved
P20155	1	23	cleaved
O43820	1	20	cleaved
Q9Y5Q6	1	22	cleaved
Q5VSP4	1	18	cleaved
P07098	1	19	cleaved
P01624	1	20	cleaved
Q86YC3	1	18	cleaved
A0A0B4J1V0	1	19	cleaved
A0A0C4DH31	1	19	cleaved
P0DP07	1	19	cleaved
P01768	1	19	cleaved
Q86WN2	1	21	cleaved
Q9P0W0	1	27	cleaved
P15248	1	18	cleaved
B9A064	1	35	cleaved
P35475	1	27	cleaved
P17936	1	27	cleaved
P14616	1	26	cleaved
P06310	1	20	cleaved
Q7Z7M0	1	27	cleaved
Q99542	1	18	cleaved
O75121	1	28	cleaved
P03971	1	18	cleaved
P55083	1	21	cleaved
Q9N2J8	1	35	cleaved
Q14512	1	23	cleaved
Q5SZK8	1	46	cleaved
P39086	1	30	cleaved
A0A075B6J9	1	19	cleaved
Q9Y6Y9	1	18	cleaved
P08253	1	29	cleaved
P22897	1	18	cleaved
Q9UBS5	1	14	cleaved
P54803	1	42	cleaved
P01042	1	18	cleaved
Q9Y6N6	1	19	cleaved
P01704	1	19	cleaved
Q07954	1	19	cleaved
Q14165	1	28	cleaved
Q9H9K5	1	26	cleaved
Q16820	1	22	cleaved
Q99965	1	16	cleaved
Q86SQ3	1	14	cleaved
P23582	1	23	cleaved
P49863	1	24	cleaved
P0DTE2	1	17	cleaved
Q9Y337	1	22	cleaved
Q969E1	1	22	cleaved
A0A0B4J2D9	1	22	cleaved
Q9H0V9	1	44	cleaved
Q9HBG7	1	47	cleaved
Q04900	1	23	cleaved
O14944	1	29	cleaved
Q6PHW0	1	23	cleaved
A6NM11	1	35	cleaved
Q9Y693	1	21	cleaved
O75197	1	31	cleaved
P03956	1	19	cleaved
P15529	1	34	cleaved
Q6UWV2	1	31	cleaved
Q96KJ4	1	35	cleaved
Q8N307	1	25	cleaved
Q8N5W8	1	21	cleaved
A0A0C4DH29	1	19	cleaved
Q96S86	1	17	cleaved
P08887	1	19	cleaved
P40933	1	29	cleaved
Q9H293	1	32	cleaved
A0A075B6S6	1	20	cleaved
P11150	1	22	cleaved
P54317	1	17	cleaved
Q08431	1	23	cleaved
P01215	1	24	cleaved
P22352	1	20	cleaved
Q8N158	1	23	cleaved
Q02846	1	51	cleaved
Q8NC54	1	49	cleaved
Q6ZWJ8	1	23	cleaved
P20151	1	18	cleaved
Q86VH5	1	30	cleaved
P50281	1	20	cleaved
Q6UXI9	1	19	cleaved
Q9UMX5	1	31	cleaved
Q96PC5	1	19	cleaved
B6SEH9	1	21	cleaved
P01893	1	24	cleaved
P83110	1	17	cleaved
P01743	1	19	cleaved
P0DP04	1	19	cleaved
Q3MIP1	1	38	cleaved
P18564	1	21	cleaved
Q8WWA0	1	18	cleaved
Q96F46	1	32	cleaved
P06213	1	27	cleaved
Q8IZU9	1	21	cleaved
Q6UWL6	1	20	cleaved
Q14943	1	21	cleaved
P43631	1	21	cleaved
Q6UWM7	1	21	cleaved
A0A075B6S2	1	20	cleaved
P01594	1	22	cleaved
A2NJV5	1	20	cleaved
A6NFZ4	1	32	cleaved
P04439	1	24	cleaved
O75578	1	22	cleaved
Q9UKX5	1	22	cleaved
A0A075B6R9	1	19	cleaved
Q8NFP4	1	18	cleaved
Q13224	1	26	cleaved
Q9UNN8	1	17	cleaved
Q6KF10	1	22	cleaved
Q14833	1	32	cleaved
Q13255	1	18	cleaved
P15515	1	19	cleaved
Q8IWB1	1	15	cleaved
A0A075B6H8	1	22	cleaved
Q8ND94	1	22	cleaved
Q9BVV8	1	26	cleaved
Q8TAL6	1	18	cleaved
Q8WWB7	1	35	cleaved
Q6UWU2	1	27	cleaved
P31644	1	31	cleaved
P39905	1	19	cleaved
Q99795	1	21	cleaved
P58062	1	19	cleaved
Q14953	1	21	cleaved
Q96I82	1	30	cleaved
Q6P5S2	1	20	cleaved
Q13753	1	21	cleaved
A0A075B6K2	1	20	cleaved
Q9P2E8	1	18	cleaved
Q8WU39	1	22	cleaved
P01597	1	22	cleaved
A0A0C4DH68	1	19	cleaved
A4D0S4	1	19	cleaved
Q96P31	1	17	cleaved
P23945	1	17	cleaved
Q6MZW2	1	22	cleaved
Q99928	1	17	cleaved
P34903	1	28	cleaved
Q16445	1	19	cleaved
O00591	1	16	cleaved
P56159	1	24	cleaved
Q14520	1	23	cleaved
O14792	1	20	cleaved
P41159	1	21	cleaved
P98153	1	20	cleaved
P05155	1	22	cleaved
P27930	1	13	cleaved
Q6UXL0	1	29	cleaved
Q12891	1	20	cleaved
P78552	1	21	cleaved
Q9NZK5	1	29	cleaved
Q6UWT2	1	33	cleaved
P58550	1	18	cleaved
Q8IVK1	1	18	cleaved
P14867	1	27	cleaved
Q8N7I0	1	27	cleaved
Q6UWN8	1	23	cleaved
P03952	1	19	cleaved
O43300	1	33	cleaved
A0A075B6H7	1	21	cleaved
O94772	1	25	cleaved
P59901	1	23	cleaved
P34910	1	21	cleaved
P14207	1	16	cleaved
P09681	1	21	cleaved
P83105	1	31	cleaved
A0A0C4DH33	1	19	cleaved
A0A0B4J1V2	1	19	cleaved
A0A0C4DH38	1	19	cleaved
O60938	1	20	cleaved
Q9UKR0	1	17	cleaved
Q9HCJ2	1	44	cleaved
Q86Y78	1	22	cleaved
P17813	1	25	cleaved
A0A1B0GVD1	1	24	cleaved
Q7L513	1	27	cleaved
Q92637	1	15	cleaved
Q9NSA1	1	28	cleaved
P11487	1	17	cleaved
P49771	1	26	cleaved
Q8TAT2	1	26	cleaved
Q8N475	1	20	cleaved
Q9NXC2	1	21	cleaved
P78334	1	22	cleaved
Q8N2G8	1	17	cleaved
O00451	1	21	cleaved
Q5T6X5	1	18	cleaved
P01889	1	24	cleaved
Q8N6Y2	1	18	cleaved
Q5UCC4	1	27	cleaved
Q15485	1	25	cleaved
O75636	1	23	cleaved
O43155	1	35	cleaved
O60383	1	24	cleaved
P30511	1	21	cleaved
A0A0C4DH39	1	19	cleaved
Q8IZJ0	1	25	cleaved
Q9GZV7	1	26	cleaved
P31785	1	22	cleaved
P05015	1	23	cleaved
P40189	1	22	cleaved
Q6UXB1	1	24	cleaved
P20702	1	19	cleaved
P18084	1	23	cleaved
O60575	1	26	cleaved
O00754	1	49	cleaved
P51460	1	20	cleaved
P06315	1	20	cleaved
P04626	1	22	cleaved
Q4ZHG4	1	32	cleaved
Q96AY3	1	26	cleaved
P11362	1	21	cleaved
Q9UK05	1	22	cleaved
Q9UBK5	1	18	cleaved
A8MVW5	1	31	cleaved
A0A0C4DH36	1	19	cleaved
Q01638	1	18	cleaved
P42701	1	23	cleaved
P26012	1	42	cleaved
Q8NFR9	1	23	cleaved
P05154	1	19	cleaved
P16150	1	19	cleaved
Q86YD5	1	17	cleaved
A6NCL2	1	22	cleaved
Q07001	1	21	cleaved
Q9ULZ1	1	22	cleaved
P04114	1	27	cleaved
P58397	1	25	cleaved
Q8N766	1	21	cleaved
P54760	1	15	cleaved
Q6PRD1	1	25	cleaved
P14770	1	16	cleaved
A0A0B4J1V7	1	19	cleaved
Q8IZI9	1	21	cleaved
P05231	1	29	cleaved
P29460	1	22	cleaved
Q6UWB1	1	32	cleaved
Q16270	1	26	cleaved
Q86YT9	1	19	cleaved
Q96L11	1	28	cleaved
A0A0C4DH72	1	22	cleaved
A8MVW0	1	29	cleaved
Q6DN72	1	19	cleaved
P12314	1	15	cleaved
P24071	1	21	cleaved
P26885	1	21	cleaved
P02675	1	30	cleaved
Q75N90	1	31	cleaved
Q9BYJ0	1	19	cleaved
Q8NB37	1	38	cleaved
Q5H8C1	1	21	cleaved
O60353	1	18	cleaved
P10912	1	18	cleaved
P48546	1	21	cleaved
P55107	1	33	cleaved
P51841	1	50	cleaved
Q5DT21	1	19	cleaved
Q9Y4L1	1	32	cleaved
Q13751	1	17	cleaved
A0A0B4J1Z2	1	22	cleaved
Q86YQ2	1	20	cleaved
Q9ULH4	1	20	cleaved
O95274	1	30	cleaved
P16581	1	21	cleaved
P11230	1	23	cleaved
Q9UHX3	1	23	cleaved
Q14246	1	20	cleaved
O95490	1	25	cleaved
O14525	1	21	cleaved
P52799	1	27	cleaved
O15354	1	26	cleaved
Q8IV16	1	20	cleaved
P16144	1	27	cleaved
Q08334	1	19	cleaved
Q5VZ72	1	20	cleaved
Q96MU8	1	19	cleaved
Q6ZSA7	1	34	cleaved
P04430	1	22	cleaved
Q5VXI9	1	18	cleaved
P51884	1	18	cleaved
Q8IWK6	1	33	cleaved
Q7Z7B8	1	18	cleaved
Q15392	1	22	cleaved
P24855	1	22	cleaved
P01903	1	25	cleaved
P05538	1	32	cleaved
P01906	1	23	cleaved
Q9UF33	1	22	cleaved
Q14264	1	22	cleaved
Q13467	1	26	cleaved
P48058	1	20	cleaved
P09341	1	34	cleaved
P28799	1	17	cleaved
P42127	1	22	cleaved
P0C862	1	19	cleaved
Q9BWS9	1	19	cleaved
Q6NUJ2	1	23	cleaved
Q12860	1	20	cleaved
Q9UQ52	1	19	cleaved
P06681	1	20	cleaved
O14967	1	19	cleaved
P20800	1	24	cleaved
P14138	1	16	cleaved
Q8IZU8	1	20	cleaved
O95467	1	46	cleaved
Q5VV63	1	52	cleaved
P11021	1	18	cleaved
O60477	1	19	cleaved
Q9C0B6	1	33	cleaved
P55774	1	20	cleaved
P08218	1	16	cleaved
P05997	1	26	cleaved
P13765	1	26	cleaved
Q9NZU0	1	28	cleaved
E5RQL4	1	20	cleaved
P41439	1	22	cleaved
P07492	1	23	cleaved
Q14CZ8	1	33	cleaved
Q86WK6	1	27	cleaved
P06280	1	31	cleaved
Q9H2U9	1	18	cleaved
Q9N2K0	1	35	cleaved
Q5VUB5	1	21	cleaved
Q5JX71	1	19	cleaved
Q5VTL7	1	25	cleaved
P08637	1	16	cleaved
P08620	1	30	cleaved
O95750	1	24	cleaved
P55075	1	22	cleaved
Q9UP38	1	69	cleaved
P43026	1	27	cleaved
P12544	1	26	cleaved
Q99445	1	17	cleaved
Q9UKQ2	1	18	cleaved
P30533	1	34	cleaved
P43251	1	41	cleaved
Q9GZN4	1	32	cleaved
Q8N8R5	1	24	cleaved
P10147	1	23	cleaved
Q9UJ99	1	34	cleaved
O00585	1	23	cleaved
Q9NY47	1	18	cleaved
Q9ULB5	1	27	cleaved
P02746	1	27	cleaved
Q16790	1	37	cleaved
Q30KP8	1	21	cleaved
Q8IXB1	1	32	cleaved
Q6UX07	1	25	cleaved
O94907	1	31	cleaved
Q15848	1	18	cleaved
Q7Z4H4	1	24	cleaved
P16860	1	26	cleaved
Q9C0K3	1	21	cleaved
P58499	1	29	cleaved
Q9NS71	1	34	cleaved
A8MPY1	1	23	cleaved
P81172	1	24	cleaved
A0A0B4J2H0	1	19	cleaved
Q8WXA8	1	27	cleaved
O75106	1	32	cleaved
Q9BY76	1	25	cleaved
P52798	1	25	cleaved
P29320	1	20	cleaved
P12034	1	20	cleaved
P54826	1	39	cleaved
Q9UFP1	1	29	cleaved
P28476	1	20	cleaved
O95390	1	24	cleaved
Q13002	1	31	cleaved
Q86YW7	1	24	cleaved
A8K2U0	1	17	cleaved
Q86Y34	1	20	cleaved
Q9P0K1	1	25	cleaved
Q9H1Z8	1	31	cleaved
Q13316	1	16	cleaved
Q99944	1	25	cleaved
P00740	1	28	cleaved
P98095	1	27	cleaved
Q12841	1	20	cleaved
Q9UBU3	1	23	cleaved
Q6UWM5	1	22	cleaved
Q9HCN6	1	20	cleaved
Q14956	1	22	cleaved
O43555	1	23	cleaved
Q14832	1	22	cleaved
Q14416	1	18	cleaved
Q9BZ11	1	29	cleaved
P78536	1	17	cleaved
P07711	1	17	cleaved
P55285	1	18	cleaved
Q16602	1	22	cleaved
P09871	1	15	cleaved
P0CG37	1	25	cleaved
Q13231	1	21	cleaved
P19835	1	20	cleaved
Q8N907	1	22	cleaved
Q9UKH3	1	89	cleaved
P55259	1	28	cleaved
P23083	1	19	cleaved
P0DTW3	1	19	cleaved
P01824	1	26	cleaved
P04196	1	18	cleaved
P12109	1	19	cleaved
Q8NFW1	1	27	cleaved
Q99062	1	24	cleaved
Q96A83	1	20	cleaved
P19876	1	34	cleaved
P81534	1	22	cleaved
P02778	1	21	cleaved
O60888	1	32	cleaved
Q30KQ1	1	23	cleaved
Q9UGM3	1	19	cleaved
Q96DN0	1	25	cleaved
Q9UKP5	1	21	cleaved
P59510	1	21	cleaved
P55773	1	21	cleaved
P54289	1	24	cleaved
P16619	1	23	cleaved
Q96NU0	1	25	cleaved
P01031	1	18	cleaved
Q9NZU1	1	20	cleaved
Q92874	1	20	cleaved
O15263	1	23	cleaved
Q9H4A9	1	32	cleaved
P13762	1	29	cleaved
Q9NPA0	1	23	cleaved
Q05901	1	24	cleaved
P02763	1	18	cleaved
Q13444	1	17	cleaved
P02647	1	18	cleaved
Q8TE58	1	17	cleaved
Q14055	1	23	cleaved
Q9P218	1	22	cleaved
Q6PB30	1	19	cleaved
P01034	1	26	cleaved
P80370	1	23	cleaved
Q9BZQ6	1	41	cleaved
Q86TY3	1	27	cleaved
P78357	1	19	cleaved
Q5JRM2	1	19	cleaved
Q9H114	1	19	cleaved
Q9BYW3	1	20	cleaved
Q08345	1	18	cleaved
O60469	1	17	cleaved
P12724	1	27	cleaved
P01911	1	29	cleaved
Q63HQ2	1	24	cleaved
Q99645	1	19	cleaved
Q8WVV5	1	32	cleaved
P02745	1	22	cleaved
Q9H2A7	1	29	cleaved
Q9UBS3	1	23	cleaved
Q6UWP2	1	30	cleaved
P60507	1	22	cleaved
P14625	1	21	cleaved
P01009	1	24	cleaved
Q13790	1	35	cleaved
Q9H6X2	1	32	cleaved
Q92583	1	23	cleaved
Q8WXQ8	1	33	cleaved
Q9NTU7	1	27	cleaved
P05814	1	15	cleaved
P09326	1	26	cleaved
Q6UX73	1	20	cleaved
Q99895	1	16	cleaved
O14625	1	21	cleaved
P01036	1	20	cleaved
Q7Z7B7	1	22	cleaved
Q8N690	1	21	cleaved
Q8N687	1	20	cleaved
Q13609	1	20	cleaved
Q9NZW4	1	15	cleaved
P16444	1	16	cleaved
Q9BXJ2	1	16	cleaved
P20138	1	17	cleaved
Q9Y240	1	21	cleaved
Q96KN2	1	26	cleaved
Q9UL01	1	22	cleaved
Q6P995	1	32	cleaved
P23142	1	29	cleaved
O43852	1	19	cleaved
P05156	1	18	cleaved
P06729	1	24	cleaved
Q01955	1	28	cleaved
Q5SY80	1	19	cleaved
Q96J86	1	29	cleaved
Q8N688	1	20	cleaved
Q4QY38	1	19	cleaved
P12643	1	23	cleaved
P18075	1	29	cleaved
Q08722	1	18	cleaved
P09564	1	25	cleaved
Q9H972	1	17	cleaved
Q9BWP8	1	25	cleaved
P04118	1	17	cleaved
P34998	1	23	cleaved
Q8TAV3	1	22	cleaved
P15509	1	22	cleaved
O75718	1	26	cleaved
Q9NRR1	1	22	cleaved
Q01459	1	38	cleaved
P02649	1	18	cleaved
P00746	1	20	cleaved
P29279	1	26	cleaved
P20273	1	19	cleaved
Q9BT09	1	30	cleaved
Q02388	1	16	cleaved
Q8IUL8	1	20	cleaved
Q8TDQ1	1	19	cleaved
Q4G0I0	1	15	cleaved
Q6UWE3	1	21	cleaved
P06850	1	24	cleaved
Q17RW2	1	35	cleaved
P54108	1	20	cleaved
O75462	1	37	cleaved
Q9BUF7	1	26	cleaved
P0DP74	1	22	cleaved
P59861	1	22	cleaved
Q8NG35	1	27	cleaved
P16410	1	35	cleaved
Q30KR1	1	22	cleaved
Q86SJ2	1	39	cleaved
P01019	1	33	cleaved
Q9Y5C1	1	16	cleaved
Q96PH6	1	19	cleaved
Q9Y394	1	28	cleaved
Q8TD84	1	18	cleaved
Q02487	1	27	cleaved
Q5NDL2	1	17	cleaved
P02751	1	31	cleaved
Q9NWM8	1	19	cleaved
O75015	1	16	cleaved
P22607	1	22	cleaved
Q14802	1	20	cleaved
Q86XX4	1	26	cleaved
Q92643	1	27	cleaved
Q8NEB7	1	25	cleaved
Q9NP70	1	26	cleaved
Q01524	1	19	cleaved
Q9UBS4	1	22	cleaved
O94769	1	20	cleaved
P19883	1	29	cleaved
Q96DB9	1	21	cleaved
Q96SL4	1	19	cleaved
P43220	1	23	cleaved
Q8NBJ5	1	29	cleaved
P22003	1	30	cleaved
Q6UXG8	1	34	cleaved
Q075Z2	1	17	cleaved
Q16663	1	21	cleaved
Q8IXH8	1	27	cleaved
P55286	1	29	cleaved
Q9BXJ0	1	15	cleaved
P31997	1	34	cleaved
P04234	1	21	cleaved
Q8IX05	1	22	cleaved
A6H8M9	1	16	cleaved
P10643	1	22	cleaved
P59666	1	19	cleaved
Q9UBU2	1	33	cleaved
Q9NRD8	1	25	cleaved
Q9BV94	1	21	cleaved
Q96BH3	1	24	cleaved
Q9NQ30	1	19	cleaved
P02750	1	35	cleaved
O95264	1	21	cleaved
Q13443	1	28	cleaved
O00468	1	29	cleaved
O00748	1	26	cleaved
Q8TBP5	1	29	cleaved
P12319	1	25	cleaved
Q6V0I7	1	38	cleaved
Q9ULW2	1	20	cleaved
P47870	1	25	cleaved
Q96MS3	1	16	cleaved
P20718	1	18	cleaved
P23415	1	28	cleaved
Q6UX39	1	16	cleaved
Q9UKP4	1	27	cleaved
Q16610	1	19	cleaved
P0DMC3	1	22	cleaved
Q9NT22	1	22	cleaved
Q6P0A1	1	23	cleaved
Q96RD9	1	15	cleaved
P09958	1	26	cleaved
P36268	1	30	cleaved
P47869	1	28	cleaved
Q13003	1	31	cleaved
P59796	1	19	cleaved
Q13217	1	31	cleaved
P15502	1	26	cleaved
Q6PCB8	1	32	cleaved
P01133	1	22	cleaved
Q9BS26	1	29	cleaved
Q96LA6	1	16	cleaved
P35555	1	24	cleaved
P55899	1	23	cleaved
Q02985	1	18	cleaved
P02671	1	19	cleaved
P22466	1	19	cleaved
O95633	1	26	cleaved
P35052	1	23	cleaved
Q6ZNF0	1	26	cleaved
Q9UP79	1	26	cleaved
P40199	1	34	cleaved
P07360	1	20	cleaved
P02748	1	21	cleaved
Q8NET1	1	22	cleaved
Q30KQ6	1	26	cleaved
P79483	1	29	cleaved
P04440	1	29	cleaved
Q14507	1	25	cleaved
Q92484	1	22	cleaved
P36222	1	21	cleaved
Q7Z4R8	1	30	cleaved
Q9H9P2	1	21	cleaved
Q9BYE9	1	20	cleaved
P29400	1	26	cleaved
Q96PZ7	1	26	cleaved
Q8NEA5	1	29	cleaved
Q8WTQ1	1	22	cleaved
O76096	1	19	cleaved
Q8N8Z6	1	34	cleaved
P49184	1	18	cleaved
Q19T08	1	24	cleaved
Q9BXX0	1	30	cleaved
Q8N2X6	1	18	cleaved
P54802	1	23	cleaved
P19801	1	19	cleaved
O43570	1	24	cleaved
Q9BZP6	1	21	cleaved
P09693	1	22	cleaved
P20908	1	37	cleaved
O75339	1	21	cleaved
P24387	1	24	cleaved
P13611	1	20	cleaved
Q9NZV1	1	34	cleaved
O95727	1	17	cleaved
P07333	1	19	cleaved
Q9H336	1	23	cleaved
Q96SM3	1	20	cleaved
P0DP73	1	22	cleaved
O95715	1	34	cleaved
P61565	1	88	cleaved
P55291	1	21	cleaved
P15085	1	16	cleaved
O75976	1	31	cleaved
Q86Z23	1	15	cleaved
P29016	1	17	cleaved
Q5BLP8	1	34	cleaved
O00622	1	24	cleaved
Q15762	1	18	cleaved
A8TX70	1	18	cleaved
P01024	1	22	cleaved
Q6UXZ3	1	18	cleaved
Q96P44	1	22	cleaved
O43405	1	24	cleaved
Q13324	1	19	retained
P54107	1	21	cleaved
Q8IUH2	1	31	cleaved
Q5T7M4	1	20	cleaved
P26436	1	21	cleaved
Q9BY67	1	44	cleaved
P25063	1	26	cleaved
P29017	1	17	cleaved
Q03692	1	18	cleaved
P13942	1	27	cleaved
P07357	1	20	cleaved
P0DML3	1	26	cleaved
A2RUU4	1	23	cleaved
Q9NYL5	1	23	cleaved
P09603	1	32	cleaved
Q9NYP8	1	19	cleaved
P78310	1	19	cleaved
O43927	1	22	cleaved
O60676	1	21	cleaved
Q30KQ9	1	19	cleaved
Q9BXJ7	1	19	cleaved
Q8TE56	1	27	cleaved
Q9NP55	1	19	cleaved
P36894	1	23	cleaved
Q96A33	1	20	cleaved
Q5VWW1	1	20	cleaved
P10092	1	25	cleaved
P0DN86	1	20	cleaved
Q6NUI6	1	30	cleaved
P23946	1	19	cleaved
Q14993	1	23	cleaved
Q5IJ48	1	28	cleaved
Q9H3G5	1	22	cleaved
P20023	1	20	cleaved
A0A096LNP1	1	22	cleaved
C9J442	1	17	cleaved
Q6UXT8	1	27	cleaved
Q96EG1	1	16	cleaved
P49913	1	30	cleaved
Q8IUK8	1	51	cleaved
Q14002	1	35	cleaved
Q9C0A0	1	25	cleaved
Q9Y6Z7	1	27	cleaved
Q6UXH1	1	24	cleaved
P80162	1	37	cleaved
Q9BY15	1	21	cleaved
P0DTE7	1	15	cleaved
P05090	1	20	cleaved
P34820	1	19	cleaved
Q6UXQ4	1	38	cleaved
P06307	1	20	cleaved
P09668	1	22	cleaved
Q8N129	1	21	cleaved
P0DML2	1	26	cleaved
Q6UVK1	1	29	cleaved
P04141	1	17	cleaved
Q5JZY3	1	33	cleaved
Q10588	1	28	cleaved
P08236	1	22	cleaved
Q13072	1	17	cleaved
Q96EE4	1	26	cleaved
P80098	1	23	cleaved
Q8N126	1	24	cleaved
Q15517	1	32	cleaved
P17927	1	41	cleaved
Q8N436	1	25	cleaved
O60494	1	23	cleaved
P19875	1	34	cleaved
Q8N104	1	20	cleaved
O60241	1	32	cleaved
Q5FYB0	1	49	cleaved
P17213	1	31	cleaved
Q13410	1	26	cleaved
Q7Z6A9	1	30	cleaved
P13501	1	23	cleaved
P15086	1	15	cleaved
P01258	1	25	cleaved
Q49AH0	1	24	cleaved
P00450	1	19	cleaved
P07358	1	32	cleaved
P10645	1	18	cleaved
P43146	1	25	cleaved
P27037	1	19	cleaved
Q96KV6	1	27	cleaved
Q66K79	1	18	cleaved
Q99731	1	21	cleaved
P53634	1	24	cleaved
Q9H7B7	1	20	cleaved
P31358	1	24	cleaved
P11912	1	32	cleaved
O15335	1	22	cleaved
P11597	1	17	cleaved
P10966	1	21	cleaved
Q9HBB8	1	25	cleaved
O95388	1	22	cleaved
Q8IWV2	1	18	cleaved
O95196	1	30	cleaved
P01037	1	20	cleaved
P09228	1	20	cleaved
P01011	1	23	cleaved
P35318	1	21	cleaved
Q6UWT4	1	23	cleaved
Q6ZTQ4	1	19	cleaved
Q8N6Q3	1	21	cleaved
P15812	1	19	cleaved
P06126	1	16	cleaved
Q9HC73	1	22	cleaved
Q8TE59	1	21	cleaved
Q8N4F0	1	20	cleaved
Q8TDL5	1	21	cleaved
P51671	1	23	cleaved
P43234	1	23	cleaved
A0A1B0GTC6	1	20	cleaved
P22223	1	24	cleaved
P55283	1	20	cleaved
Q9UNI1	1	8	cleaved
Q9NYQ6	1	20	cleaved
O75596	1	22	cleaved
P02458	1	25	cleaved
Q96F05	1	20	cleaved
Q07092	1	21	cleaved
P16562	1	21	cleaved
P22792	1	21	cleaved
Q9NQ79	1	27	cleaved
P28325	1	20	cleaved
Q8IZF2	1	21	cleaved
O75077	1	59	cleaved
O00253	1	20	cleaved
O43827	1	26	cleaved
Q96IY4	1	22	cleaved
Q8NFZ8	1	20	cleaved
Q99715	1	23	cleaved
Q6VVX0	1	26	cleaved
P09919	1	30	cleaved
P11047	1	33	cleaved
O14594	1	22	cleaved
Q9NZ94	1	37	cleaved
P23467	1	22	cleaved
Q6NUJ1	1	17	cleaved
P35542	1	18	cleaved
Q9H3T2	1	24	cleaved
Q07699	1	18	cleaved
O75787	1	16	cleaved
O60613	1	31	cleaved
Q16586	1	23	cleaved
P23468	1	20	cleaved
Q16288	1	31	cleaved
Q96HP4	1	17	cleaved
Q8TDE3	1	27	cleaved
Q02383	1	23	cleaved
Q6UWI4	1	33	cleaved
Q15256	1	21	cleaved
Q96FE7	1	21	cleaved
Q8IVL5	1	24	cleaved
Q9NRN5	1	21	cleaved
Q86WS3	1	17	cleaved
Q02509	1	17	cleaved
Q9Y5G2	1	30	cleaved
Q9Y5I4	1	42	cleaved
Q15116	1	23	cleaved
Q02809	1	18	cleaved
Q9BZG2	1	26	cleaved
P41222	1	22	cleaved
O15232	1	28	cleaved
O75951	1	19	cleaved
Q9H1U4	1	30	cleaved
Q13201	1	19	cleaved
Q1L6U9	1	35	cleaved
Q5SSG8	1	24	cleaved
P61916	1	19	cleaved
O00592	1	22	cleaved
O15460	1	21	cleaved
P10451	1	16	cleaved
Q9Y5H6	1	29	cleaved
Q8TAB3	1	21	cleaved
Q2VWP7	1	35	cleaved
Q13214	1	24	cleaved
Q99470	1	18	cleaved
P04280	1	16	cleaved
P04843	1	23	cleaved
